"","road_ID","Y","X"
"32312",3005060,37.560402,126.9327721
"32820",3005060,37.5609429,126.9414774
"33872",3005060,37.5665827,126.9465214
"34034",3005060,37.5665837,126.9246043
"34484",3005060,37.5677672,126.9184687
"34775",3005060,37.5613443,126.9425199
"35635",3005060,37.5607251,126.9327424
"35896",3005060,37.5639693,126.9306792
"35990",3005060,37.5664801,126.9267471
"36225",3005060,37.56669,126.9267566
"36395",3005060,37.5624798,126.930678
"36403",3005060,37.5661189,126.9386388
"36556",3005060,37.5669343,126.9214093
"36703",3005060,37.5625035,126.9306203
"36719",3005060,37.5671698,126.9203232
"36954",3005060,37.5656964,126.9255897
"37019",3005060,37.564472,126.9297546
"37061",3005060,37.5679871,126.9475847
"37356",3005060,37.5641372,126.9304653
"37769",3005060,37.5644324,126.9073159
"37869",3005060,37.5647882,126.9285909
"37950",3005060,37.5661712,126.9243195
"38015",3005060,37.5674665,126.9470601
"38203",3005060,37.5667871,126.9245076
"38219",3005060,37.5620003,126.9431724
"38234",3005060,37.5669225,126.9245935
"38361",3005060,37.5666042,126.9268232
"38683",3005060,37.5665232,126.9159973
"39752",3005060,37.5667409,126.9237755
"39997",3005060,37.5660341,126.9253344
"44290",3005060,37.5626435,126.9057808
"69282",3005060,37.563922,126.9077614
"463",3100005,37.5735371,126.9651553
"585",3100005,37.5737601,126.9649229
"654",3100005,37.5763449,126.9702698
"675",3100005,37.575894,126.9705992
"1469",3100005,37.576279,126.9738136
"1743",3100005,37.5761832,126.9734293
"1978",3100005,37.5761269,126.9739976
"2149",3100005,37.5762589,126.9717383
"2326",3100005,37.5722336,126.9621294
"2572",3100005,37.5741252,126.9698668
"2842",3100005,37.5740412,126.9665279
"2845",3100005,37.5721442,126.9621853
"3060",3100005,37.5762573,126.9719981
"3255",3100005,37.5740462,126.9670875
"4497",3100005,37.5762145,126.9729961
"4545",3100005,37.5726367,126.9634141
"65714",3100005,37.5760944,126.9731038
"65724",3100005,37.5721612,126.9624391
"66670",3100005,37.576289,126.970431
"3",3100012,37.5869804,126.9690947
"29",3100012,37.6000624,126.9601303
"132",3100012,37.5821242,126.9711895
"324",3100012,37.5967694,126.9642497
"325",3100012,37.5763786,126.9722593
"402",3100012,37.5826915,126.9707933
"440",3100012,37.5775507,126.9720201
"497",3100012,37.5817377,126.9706599
"809",3100012,37.5993798,126.9604997
"810",3100012,37.5987921,126.9601985
"898",3100012,37.5854796,126.9704333
"903",3100012,37.5787397,126.9713217
"912",3100012,37.5970773,126.9641918
"976",3100012,37.5975987,126.9635084
"1005",3100012,37.582486,126.9709207
"1022",3100012,37.5991635,126.9608503
"1074",3100012,37.5871486,126.9690757
"1100",3100012,37.5965686,126.9637541
"1101",3100012,37.5791608,126.9712496
"1102",3100012,37.5826806,126.9702056
"1103",3100012,37.5863583,126.9695399
"1283",3100012,37.5810874,126.9707834
"1305",3100012,37.5790238,126.9712794
"1470",3100012,37.5862818,126.9695666
"1660",3100012,37.5979378,126.9619263
"2162",3100012,37.5870173,126.9686947
"2247",3100012,37.6001054,126.9595157
"2647",3100012,37.582218,126.9712247
"3112",3100012,37.5997606,126.9599922
"3269",3100012,37.5997058,126.9596563
"3276",3100012,37.5849494,126.9700278
"3433",3100012,37.5988105,126.9602894
"4194",3100012,37.5867824,126.9696475
"4488",3100012,37.5879216,126.9652705
"4691",3100012,37.5876994,126.9688535
"66235",3100012,37.5843312,126.9698254
"66352",3100012,37.5820032,126.9712529
"66807",3100012,37.5770234,126.9722068
"67019",3100012,37.5821321,126.9704674
"262",3100010,37.5741362,127.0062522
"460",3100010,37.5737362,126.9946018
"481",3100010,37.576094,127.0001894
"515",3100010,37.57687,126.9856665
"764",3100010,37.5733899,127.0073118
"922",3100010,37.5756018,127.0041641
"923",3100010,37.5764777,127.0037272
"973",3100010,37.5762442,127.0036438
"1033",3100010,37.5740906,127.0066507
"1051",3100010,37.5745858,127.0057353
"1052",3100010,37.5764822,127.0027517
"1053",3100010,37.5751445,127.0057567
"1054",3100010,37.5744183,127.0063634
"1087",3100010,37.5724005,127.0078144
"1193",3100010,37.5759078,127.0047789
"1195",3100010,37.5752239,126.9818315
"1272",3100010,37.57623,126.9995816
"1384",3100010,37.5757656,127.0039891
"1390",3100010,37.5754025,126.9818161
"1578",3100010,37.5714339,127.0086182
"1641",3100010,37.5771354,126.9914391
"1789",3100010,37.5742685,127.0060319
"2013",3100010,37.5755569,126.9845533
"2043",3100010,37.5737658,127.0071828
"2139",3100010,37.5744534,127.0059381
"2357",3100010,37.5731956,127.0071331
"4074",3100010,37.5754622,127.0053891
"4075",3100010,37.5764769,127.0033975
"4076",3100010,37.5755168,127.0012709
"4258",3100010,37.5765125,126.9845853
"66736",3100010,37.5754973,126.9978991
"66968",3100010,37.5747543,127.0060878
"17",3005008,37.5828403,126.9981805
"44",3005008,37.5741798,126.9977733
"159",3005008,37.5825395,126.9984458
"184",3005008,37.5844576,126.9997577
"198",3005008,37.5826272,126.9979846
"233",3005008,37.5739452,126.9972125
"302",3005008,37.5754221,126.9972085
"457",3005008,37.5876919,127.0035824
"1205",3005008,37.5746153,126.9972275
"1274",3005008,37.5820545,126.9982626
"1320",3005008,37.587292,127.0025084
"1360",3005008,37.5736118,126.9971085
"1443",3005008,37.5846529,127.0008473
"1686",3005008,37.5736297,126.9968374
"1805",3005008,37.5766506,126.9974575
"2157",3005008,37.5822888,126.9989806
"2331",3005008,37.5832962,126.9995073
"2620",3005008,37.5680405,126.9985633
"2673",3005008,37.5723866,126.9984668
"2698",3005008,37.5647765,126.998669
"2718",3005008,37.5703197,126.9985732
"2736",3005008,37.5658193,126.9987525
"2809",3005008,37.5634036,126.9977984
"3030",3005008,37.5867884,127.0030324
"3188",3005008,37.5646377,126.9977471
"3473",3005008,37.567659,126.998191
"3661",3005008,37.5660739,126.9979959
"3829",3005008,37.5657705,126.9986454
"4217",3005008,37.5655712,126.9982757
"4222",3005008,37.5654255,126.998629
"4450",3005008,37.5828543,126.998421
"4451",3005008,37.5834434,126.9997174
"4452",3005008,37.5834429,126.9990453
"4546",3005008,37.5782983,127.0003003
"5869",3005008,37.5652895,126.9985051
"6371",3005008,37.5683412,126.9975266
"19923",3005008,37.5879483,127.0055104
"21191",3005008,37.5878613,127.0050221
"22116",3005008,37.58829,127.00525
"22461",3005008,37.5880997,127.005149
"66274",3005008,37.5682118,126.9986872
"66606",3005008,37.5838411,127.0003661
"66994",3005008,37.5650407,126.9986521
"35",3100013,37.5729968,127.0147678
"55",3100013,37.5707348,127.0052863
"67",3100013,37.5714114,127.0080133
"72",3100013,37.5703704,126.995788
"99",3100013,37.5706896,127.0058653
"181",3100013,37.5707265,127.0064156
"183",3100013,37.5713221,127.0057009
"443",3100013,37.5729235,127.0001283
"590",3100013,37.5718419,127.0121362
"781",3100013,37.5719564,127.013512
"864",3100013,37.5707417,127.0034913
"999",3100013,37.5743403,127.0196676
"1138",3100013,37.5706009,126.9988826
"1140",3100013,37.5712538,127.0084548
"1141",3100013,37.5705637,126.9992638
"1240",3100013,37.5731499,127.0170068
"1260",3100013,37.573228,127.0151964
"1417",3100013,37.5697025,126.9784526
"1429",3100013,37.5725838,127.0127618
"1548",3100013,37.5706014,126.9846317
"2221",3100013,37.5743248,127.0193491
"2246",3100013,37.5696457,126.9799163
"2351",3100013,37.5706757,126.9989902
"2353",3100013,37.5702843,126.9936598
"2501",3100013,37.5737282,127.0185696
"2644",3100013,37.570664,127.0057103
"2682",3100013,37.5725397,127.0130482
"2692",3100013,37.5704911,127.0053656
"2790",3100013,37.5729729,127.0143125
"2819",3100013,37.5705926,126.9999044
"3043",3100013,37.5731522,127.0172632
"3061",3100013,37.5722746,127.0121416
"3161",3100013,37.573979,127.0197473
"3275",3100013,37.5735611,127.016674
"4729",3100013,37.5719854,127.0109086
"66667",3100013,37.5726992,127.0139882
"66789",3100013,37.5720948,127.0117326
"67156",3100013,37.5704242,126.9956177
"67247",3100013,37.5712293,127.002965
"1759",3101011,37.5658496,127.0182769
"1830",3101011,37.5618722,126.998202
"1860",3101011,37.5649426,127.0144999
"1907",3101011,37.5662425,127.017528
"1926",3101011,37.5658868,127.0188579
"1982",3101011,37.5641562,127.0080061
"2085",3101011,37.5659188,127.0206843
"2453",3101011,37.5641004,127.0089377
"2851",3101011,37.5617782,126.9975589
"2884",3101011,37.5606996,126.9952076
"2957",3101011,37.5619181,126.9952954
"3035",3101011,37.5616174,126.996501
"3082",3101011,37.562083,126.9964912
"3361",3101011,37.5616437,126.9951116
"3370",3101011,37.5652402,127.0190719
"3450",3101011,37.5628992,126.9999252
"3544",3101011,37.5623238,126.997301
"3634",3101011,37.564587,127.008337
"3671",3101011,37.5607914,126.9981223
"3677",3101011,37.5650836,127.0098986
"3736",3101011,37.5647087,127.0145746
"3787",3101011,37.5616136,126.997766
"3931",3101011,37.5608544,126.9953077
"3943",3101011,37.5652455,127.0217975
"3964",3101011,37.5657022,127.0223378
"3984",3101011,37.5642685,127.0054637
"4000",3101011,37.5587831,126.978825
"4069",3101011,37.5635473,127.0054724
"4125",3101011,37.5612567,126.9962921
"4192",3101011,37.5658607,127.0184489
"4212",3101011,37.5645959,127.0106572
"4250",3101011,37.5659044,127.0191955
"4285",3101011,37.5659631,127.0171215
"4309",3101011,37.5648309,127.0101154
"4591",3101011,37.561585,126.9898015
"4655",3101011,37.5614552,126.9876108
"4657",3101011,37.560701,126.9916923
"4722",3101011,37.565399,127.0204382
"4820",3101011,37.562224,126.9968747
"4961",3101011,37.5659067,127.0224035
"5123",3101011,37.5635877,127.0055549
"5165",3101011,37.5609927,126.9950876
"5519",3101011,37.5654873,127.0200254
"5603",3101011,37.5622178,126.9995626
"5609",3101011,37.5639513,127.009114
"5730",3101011,37.5608824,126.989855
"5864",3101011,37.5613894,126.9867363
"5870",3101011,37.563319,127.0049829
"5925",3101011,37.5634828,127.0050914
"5995",3101011,37.562367,126.9967765
"6171",3101011,37.564613,127.0080188
"6342",3101011,37.5614999,126.9882053
"6429",3101011,37.5620512,126.9991434
"66400",3101011,37.5646738,127.0091854
"66584",3101011,37.5650472,127.0097832
"66642",3101011,37.5611995,126.995616
"66675",3101011,37.5653795,127.0192714
"66741",3101011,37.5578724,126.9780649
"67095",3101011,37.5659833,127.0173429
"67227",3101011,37.5617211,126.9978537
"1308",3005001,37.5703223,127.0019911
"2320",3005001,37.5579856,127.0073797
"2381",3005001,37.5595012,127.0031824
"2425",3005001,37.5592191,127.0034684
"2583",3005001,37.5552577,127.0096948
"3015",3005001,37.5586463,127.0049957
"3214",3005001,37.5592747,127.0048373
"3408",3005001,37.5580624,127.0075861
"3452",3005001,37.5604254,127.0032253
"3481",3005001,37.56299,127.0032565
"3678",3005001,37.5628303,127.0029821
"4049",3005001,37.5703651,127.0014402
"4263",3005001,37.5532832,127.0121482
"4366",3005001,37.5592614,127.0044882
"4480",3005001,37.5692353,127.0023685
"4507",3005001,37.5628835,127.0029176
"4624",3005001,37.5545781,127.0113059
"4789",3005001,37.5625278,127.0019401
"5991",3005001,37.5661032,127.0029945
"6332",3005001,37.5602836,127.0080122
"6336",3005001,37.5685844,127.0018668
"10462",3005001,37.5457897,127.0161404
"11403",3005001,37.5493655,127.0116262
"66652",3005001,37.5547453,127.0097993
"2299",3101021,37.5610693,127.0062648
"3078",3101021,37.565401,127.0070269
"3321",3101021,37.5611517,127.0063445
"3327",3101021,37.5600008,127.0058396
"3719",3101021,37.5674556,127.0077695
"3924",3101021,37.5654129,127.0079704
"5018",3101021,37.5671514,127.0078384
"5565",3101021,37.5693501,127.0102658
"5795",3101021,37.5605746,127.005941
"5908",3101021,37.5602207,127.0058886
"6137",3101021,37.5597838,127.0047036
"6391",3101021,37.5649425,127.0079889
"963",2005001,37.5724606,126.9768853
"4156",2005001,37.5622092,126.976876
"4229",2005001,37.5631519,126.9747036
"5171",2005001,37.5626357,126.9755616
"66543",2005001,37.5687443,126.9766066
"1694",3101006,37.566904,126.9989611
"1785",3101006,37.5652938,127.0093497
"2111",3101006,37.5670818,127.0013886
"2350",3101006,37.5667603,126.9961799
"2761",3101006,37.5664818,127.0030006
"3336",3101006,37.5661411,126.9973952
"3717",3101006,37.5670514,126.9990359
"3853",3101006,37.5668893,126.9996476
"4026",3101006,37.5670244,126.9950177
"4331",3101006,37.5666138,126.9948414
"4487",3101006,37.5668533,126.9951337
"4669",3101006,37.5668963,126.9974821
"4698",3101006,37.566819,126.9967949
"5836",3101006,37.5658644,126.9949321
"5863",3101006,37.5660362,126.9909655
"5866",3101006,37.5669676,126.9994572
"6317",3101006,37.566948,126.9993764
"66860",3101006,37.5658597,126.9972234
"66910",3101006,37.565248,127.0095916
"67059",3101006,37.5663254,126.9988739
"2367",3101005,37.55998,126.9892293
"4009",3101005,37.5577295,126.9826331
"4287",3101005,37.5567379,126.985289
"66137",3101005,37.5589518,126.9870739
"66444",3101005,37.5568948,126.9851296
"255",3100020,37.6081775,126.9560297
"501",3100020,37.608115,126.9557656
"610",3100020,37.6068008,126.9602505
"625",3100020,37.6059988,126.9601917
"643",3100020,37.6045878,126.9617555
"694",3100020,37.6075695,126.9571584
"775",3100020,37.6066248,126.9560619
"844",3100020,37.6064462,126.960806
"845",3100020,37.606044,126.9610076
"1454",3100020,37.6057112,126.9609794
"1561",3100020,37.6069883,126.9579144
"1671",3100020,37.6084987,126.9572495
"1680",3100020,37.6080947,126.9577458
"2113",3100020,37.6063934,126.9598636
"2498",3100020,37.6078367,126.9568801
"2956",3100020,37.6042545,126.9617394
"31285",3100020,37.6031051,126.9216202
"32329",3100020,37.6085682,126.925092
"32428",3100020,37.6011186,126.9195897
"32616",3100020,37.6037712,126.9211238
"32875",3100020,37.6004117,126.9179315
"33037",3100020,37.6050158,126.9324925
"33079",3100020,37.6102457,126.9395895
"33325",3100020,37.6079385,126.923982
"33560",3100020,37.6058731,126.9221321
"33659",3100020,37.6073015,126.924491
"33660",3100020,37.607476,126.9248726
"33707",3100020,37.6002116,126.9177583
"33747",3100020,37.6091547,126.9264864
"33917",3100020,37.606991,126.9240899
"34078",3100020,37.6080745,126.9244421
"34829",3100020,37.6002071,126.917069
"35088",3100020,37.6022276,126.9203847
"35254",3100020,37.6111881,126.9381404
"35336",3100020,37.6012683,126.9206884
"35383",3100020,37.6110156,126.9422409
"38631",3100020,37.6063486,126.9224479
"66381",3100020,37.6064971,126.9607752
"66486",3100020,37.6062102,126.9600214
"68766",3100020,37.6074999,126.9250815
"332",3100023,37.6074457,126.9728514
"336",3100023,37.6065883,126.9719
"2559",3100023,37.6068388,126.9714322
"2568",3100023,37.6037166,126.963346
"2642",3100023,37.607043,126.9700082
"2643",3100023,37.6096659,126.9764546
"2871",3100023,37.6071688,126.971976
"4175",3100023,37.6061851,126.9697909
"4489",3100023,37.6076636,126.973905
"4768",3100023,37.6040068,126.962339
"4769",3100023,37.6043048,126.9644896
"4770",3100023,37.6055249,126.966411
"4771",3100023,37.606626,126.9688165
"66785",3100023,37.6036075,126.9624583
"11992",3005032,37.5881685,127.0566009
"12229",3005032,37.5909379,127.0666609
"12258",3005032,37.5882924,127.0631887
"13615",3005032,37.5992628,127.0991231
"14173",3005032,37.5893982,127.0586753
"15035",3005032,37.5960727,127.0832755
"15194",3005032,37.5956457,127.084111
"15524",3005032,37.5985089,127.094801
"15740",3005032,37.5907731,127.0653234
"15776",3005032,37.5886171,127.0565928
"16582",3005032,37.6008088,127.104231
"16583",3005032,37.5955671,127.0833327
"16673",3005032,37.6008184,127.1071764
"16674",3005032,37.6007729,127.1038119
"17108",3005032,37.5901778,127.0621
"17195",3005032,37.6009395,127.1054604
"17464",3005032,37.5934193,127.0734048
"17477",3005032,37.6001836,127.108114
"17706",3005032,37.6003773,127.1054109
"17862",3005032,37.5993019,127.0962877
"18045",3005032,37.5930513,127.0737588
"18049",3005032,37.5921392,127.0714789
"18351",3005032,37.5937398,127.0770177
"18574",3005032,37.5944098,127.0762907
"18848",3005032,37.5946066,127.0777409
"18854",3005032,37.6003017,127.105525
"19635",3005032,37.5948077,127.0784272
"19636",3005032,37.5942536,127.0756399
"19639",3005032,37.5933094,127.0751501
"19954",3005032,37.5932308,127.0750463
"19966",3005032,37.6001107,127.1089005
"20412",3005032,37.6003181,127.1078169
"20684",3005032,37.6002543,127.1072404
"20981",3005032,37.5971004,127.0930145
"21424",3005032,37.6001071,127.104129
"64501",3005032,37.5883572,127.0569586
"64653",3005032,37.5911049,127.0666805
"67626",3005032,37.5939218,127.0742216
"67829",3005032,37.601891,127.1149454
"68144",3005032,37.5909961,127.0662047
"68357",3005032,37.60002,127.1033986
"17613",3197070,37.6167374,127.1025132
"20764",3197070,37.6166167,127.1023402
"20958",3197070,37.6180999,127.1041704
"8871",2000008,37.5680676,127.0503713
"8886",2000008,37.5483906,127.0939355
"9112",2000008,37.5664234,127.0512941
"9328",2000008,37.5611123,127.0644734
"9711",2000008,37.5490792,127.0935964
"9879",2000008,37.5454088,127.1021348
"9880",2000008,37.5455471,127.1020181
"10579",2000008,37.5618524,127.0593299
"10666",2000008,37.5605784,127.0681165
"10677",2000008,37.5613533,127.0628048
"10751",2000008,37.5499901,127.0916773
"10850",2000008,37.5676286,127.0512955
"11389",2000008,37.5616049,127.0610515
"11537",2000008,37.5744328,127.0294434
"11554",2000008,37.5742477,127.0287535
"11916",2000008,37.5734136,127.0273854
"12441",2000008,37.5737039,127.0328553
"12823",2000008,37.5488583,127.0943481
"12927",2000008,37.5742657,127.0313359
"13023",2000008,37.5742475,127.029552
"13187",2000008,37.5616205,127.0665815
"13247",2000008,37.5749638,127.0254476
"13433",2000008,37.5742746,127.0316772
"13924",2000008,37.5517979,127.0909649
"14070",2000008,37.5733017,127.0375352
"14497",2000008,37.5751238,127.0251115
"14498",2000008,37.5736735,127.0317071
"14499",2000008,37.5736908,127.0324567
"14540",2000008,37.574138,127.0291308
"14660",2000008,37.56778,127.0478241
"15636",2000008,37.5736815,127.0320562
"15910",2000008,37.5753444,127.0246531
"16041",2000008,37.5621399,127.0629902
"61606",2000008,37.5337388,127.1370031
"62599",2000008,37.5376469,127.1255439
"62659",2000008,37.536563,127.1278985
"62767",2000008,37.5375569,127.1278885
"62883",2000008,37.5387689,127.125053
"62907",2000008,37.5330815,127.1397024
"63294",2000008,37.5418595,127.1138698
"64185",2000008,37.5691364,127.0503298
"64331",2000008,37.5608349,127.0663697
"64464",2000008,37.5624097,127.0579621
"64793",2000008,37.5359535,127.1488058
"64962",2000008,37.5351052,127.146002
"64983",2000008,37.5412979,127.1444824
"65520",2000008,37.5396347,127.1223582
"65563",2000008,37.5395463,127.1218043
"66556",2000008,37.5456538,127.1713625
"67169",2000008,37.5613725,127.0682623
"68752",2000008,37.5358105,127.1309481
"68851",2000008,37.535391,127.1463887
"68893",2000008,37.5335373,127.1376537
"69294",2000008,37.5367064,127.1323336
"18468",3005046,37.6108529,127.0561407
"18568",3005046,37.6064469,127.0491047
"18776",3005046,37.6048529,127.0444799
"19748",3005046,37.6089514,127.0510343
"20161",3005046,37.6113268,127.0584155
"20255",3005046,37.6022188,127.0424608
"20462",3005046,37.6047769,127.0438725
"20804",3005046,37.6050299,127.0451986
"21156",3005046,37.6063386,127.0488689
"21167",3005046,37.6078189,127.0515868
"21194",3005046,37.6085619,127.0521097
"21353",3005046,37.6078477,127.0504932
"21577",3005046,37.6116518,127.0595257
"21922",3005046,37.6033387,127.0333547
"21981",3005046,37.6036686,127.0326809
"22192",3005046,37.6025616,127.0426992
"22193",3005046,37.6040324,127.0432117
"22202",3005046,37.6051292,127.045558
"22563",3005046,37.6030746,127.042984
"22574",3005046,37.6029698,127.0367873
"22668",3005046,37.6141942,127.0619176
"22778",3005046,37.6119317,127.0598513
"22849",3005046,37.6098064,127.0544432
"22914",3005046,37.611421,127.0587632
"23140",3005046,37.6049354,127.0448569
"23296",3005046,37.6081395,127.05378
"23482",3005046,37.6037861,127.0324047
"23694",3005046,37.6033597,127.0331178
"23745",3005046,37.614135,127.0638198
"23753",3005046,37.6028945,127.0371282
"24232",3005046,37.6030914,127.0365314
"24342",3005046,37.6045861,127.0440535
"25553",3005046,37.6123592,127.0606509
"25971",3005046,37.6117845,127.0597619
"26457",3005046,37.6139709,127.062044
"26990",3005046,37.6098509,127.0557274
"27010",3005046,37.604151,127.0436701
"27196",3005046,37.6040233,127.0433726
"27272",3005046,37.6103238,127.0564846
"29635",3005046,37.6156665,127.0664556
"29792",3005046,37.6142368,127.0629258
"29794",3005046,37.6203102,127.084862
"29795",3005046,37.6186286,127.0771797
"30186",3005046,37.6153844,127.0652843
"30506",3005046,37.6275134,127.0872463
"30837",3005046,37.6179815,127.0748121
"31353",3005046,37.6194635,127.0799998
"31591",3005046,37.6179297,127.07474
"31757",3005046,37.617627,127.0741387
"32094",3005046,37.6175926,127.073572
"32146",3005046,37.6180061,127.0740643
"32179",3005046,37.6177162,127.073309
"33010",3005046,37.6177176,127.0739946
"33043",3005046,37.620652,127.0874629
"33088",3005046,37.6175899,127.0735315
"33557",3005046,37.6180901,127.0745856
"65811",3005046,37.6114343,127.0577182
"68347",3005046,37.6034957,127.0330041
"18332",3107003,37.6081818,127.0299428
"18479",3107003,37.5902246,127.0093588
"19799",3107003,37.5903085,127.0097772
"19834",3107003,37.598608,127.0214538
"19882",3107003,37.5895823,127.0092376
"20109",3107003,37.5963968,127.0209378
"20283",3107003,37.5965496,127.0210937
"20321",3107003,37.598429,127.021079
"20395",3107003,37.6053285,127.0269544
"21083",3107003,37.6014301,127.022806
"21106",3107003,37.6053928,127.0258839
"21119",3107003,37.6073411,127.0284866
"21132",3107003,37.5986825,127.0216413
"21142",3107003,37.6063316,127.0267696
"21245",3107003,37.5935656,127.0171549
"21310",3107003,37.6055658,127.0260119
"21398",3107003,37.5943259,127.0183241
"21519",3107003,37.6044844,127.0261296
"21579",3107003,37.6052534,127.0256971
"21597",3107003,37.6051157,127.0255251
"21641",3107003,37.5911903,127.0123597
"21660",3107003,37.5897499,127.010086
"21687",3107003,37.5998545,127.0215214
"21766",3107003,37.591377,127.0107882
"21779",3107003,37.6083434,127.0302701
"21931",3107003,37.6056113,127.026027
"22032",3107003,37.5903696,127.008489
"22170",3107003,37.5894127,127.0088441
"22174",3107003,37.5918312,127.0150628
"22190",3107003,37.5983251,127.0211948
"22289",3107003,37.6049321,127.0264685
"22358",3107003,37.5885866,127.0068828
"22492",3107003,37.5927331,127.0151017
"22583",3107003,37.6023673,127.0217485
"22736",3107003,37.5982569,127.0213302
"23158",3107003,37.5917637,127.0125396
"23376",3107003,37.5919985,127.0141336
"23422",3107003,37.5987969,127.0182727
"23484",3107003,37.6062576,127.0269513
"23486",3107003,37.6078498,127.0286779
"23750",3107003,37.5904509,127.0095317
"23949",3107003,37.5895016,127.0090485
"25613",3107003,37.5895276,127.0103281
"25738",3107003,37.5904005,127.009761
"25950",3107003,37.6035364,127.0235524
"25970",3107003,37.5891379,127.0070326
"26137",3107003,37.5900815,127.0080982
"65936",3107003,37.6078439,127.0299232
"66388",3107003,37.5924782,127.0143617
"68046",3107003,37.6053786,127.0256815
"19830",3005039,37.6115664,127.0299893
"21936",3005039,37.6115634,127.0297465
"22060",3005039,37.6100327,127.0298869
"22459",3005039,37.6098296,127.0298539
"23894",3005039,37.6364743,127.0244647
"23895",3005039,37.6283047,127.0257757
"23924",3005039,37.610726,127.0302611
"24759",3005039,37.6114998,127.029894
"24885",3005039,37.623484,127.0278731
"24896",3005039,37.6411925,127.0295646
"24897",3005039,37.6339004,127.0237735
"24902",3005039,37.6414747,127.0288711
"24976",3005039,37.6311703,127.0239816
"25407",3005039,37.6266209,127.0262729
"25904",3005039,37.6235676,127.0276727
"25912",3005039,37.6248385,127.0269539
"26045",3005039,37.6128103,127.0297085
"26378",3005039,37.6606541,127.0423063
"26478",3005039,37.6897931,127.0459016
"26701",3005039,37.6454469,127.0323378
"26844",3005039,37.6290659,127.0254737
"27686",3005039,37.6123532,127.0305649
"27932",3005039,37.613623,127.0294618
"28098",3005039,37.6546479,127.0398769
"28196",3005039,37.6259784,127.027056
"28216",3005039,37.6544144,127.0376741
"28313",3005039,37.6230063,127.0271536
"28324",3005039,37.6852833,127.0458245
"28353",3005039,37.6503535,127.036011
"28717",3005039,37.6747488,127.0442829
"28724",3005039,37.6633425,127.0418602
"28760",3005039,37.6634899,127.0417742
"28828",3005039,37.6461434,127.033521
"28931",3005039,37.6497974,127.0348494
"29024",3005039,37.6455235,127.032569
"29230",3005039,37.6738632,127.0441257
"29240",3005039,37.6618757,127.0434363
"29390",3005039,37.6581914,127.0410525
"29398",3005039,37.686964,127.0456632
"29438",3005039,37.67546,127.0440198
"29530",3005039,37.6579564,127.0405197
"29554",3005039,37.6676313,127.038473
"29603",3005039,37.6568822,127.0404446
"29706",3005039,37.6507166,127.0355235
"29766",3005039,37.6756687,127.0443326
"29829",3005039,37.6501939,127.0352453
"29868",3005039,37.6620743,127.0434451
"30021",3005039,37.650578,127.03618
"30072",3005039,37.6501675,127.0359019
"30086",3005039,37.683031,127.0456377
"30301",3005039,37.6851285,127.0462908
"30378",3005039,37.650935,127.0357797
"30449",3005039,37.6832357,127.0454362
"30501",3005039,37.6624085,127.0433174
"30605",3005039,37.6392737,127.0265866
"30639",3005039,37.6769631,127.0444492
"30686",3005039,37.6550158,127.0394588
"30778",3005039,37.6632724,127.0415091
"31198",3005039,37.6680342,127.0431389
"31569",3005039,37.650358,127.0354499
"31614",3005039,37.6578315,127.0397236
"31692",3005039,37.6570531,127.0403213
"32041",3005039,37.666992,127.043684
"32341",3005039,37.6555531,127.0398381
"33005",3005039,37.6908375,127.0458288
"6744",3000001,37.5361711,127.0601989
"6812",3000001,37.5551723,127.0706086
"6850",3000001,37.5546174,127.0708899
"6869",3000001,37.5361025,127.0599924
"7002",3000001,37.5548242,127.070908
"7113",3000001,37.5514464,127.0688998
"7146",3000001,37.5389327,127.0619087
"7545",3000001,37.5530706,127.0698981
"7654",3000001,37.5549248,127.0709557
"8443",3000001,37.5358915,127.0609313
"8636",3000001,37.5521162,127.0699472
"9623",3000001,37.5510752,127.0688493
"9852",3000001,37.5451229,127.0661321
"9993",3000001,37.5525638,127.0695569
"10010",3000001,37.5398244,127.0621081
"10014",3000001,37.5631864,127.0763258
"10209",3000001,37.5381207,127.0622011
"10212",3000001,37.568216,127.0789903
"10250",3000001,37.5464291,127.0664078
"10306",3000001,37.5376938,127.0619488
"10916",3000001,37.5506434,127.068598
"12771",3000001,37.5379226,127.0620722
"12885",3000001,37.5366703,127.0613096
"12925",3000001,37.5470426,127.067215
"12926",3000001,37.545367,127.066268
"14034",3000001,37.5472313,127.0673213
"14163",3000001,37.5464742,127.0667363
"14505",3000001,37.5474146,127.0674243
"14881",3000001,37.577093,127.0800385
"15030",3000001,37.5860681,127.0797216
"15303",3000001,37.5986649,127.0795964
"15553",3000001,37.5883437,127.079802
"16166",3000001,37.6026766,127.0787541
"16482",3000001,37.5837483,127.0793432
"16647",3000001,37.6028898,127.078774
"17126",3000001,37.5821889,127.0792748
"17463",3000001,37.598234,127.0797685
"17548",3000001,37.613269,127.0768204
"17549",3000001,37.6134663,127.0766317
"17550",3000001,37.6123426,127.0771787
"17583",3000001,37.5934394,127.0804372
"17732",3000001,37.6025098,127.0790427
"17935",3000001,37.6173445,127.077452
"18033",3000001,37.6132027,127.0775471
"18277",3000001,37.5944777,127.0780823
"18391",3000001,37.5766319,127.0795429
"18494",3000001,37.5855917,127.080288
"18495",3000001,37.5861009,127.0803722
"19073",3000001,37.5889336,127.0801806
"19115",3000001,37.6156724,127.0757779
"19117",3000001,37.6157127,127.075881
"19263",3000001,37.6001362,127.0795675
"19267",3000001,37.6000593,127.0795757
"19598",3000001,37.5890044,127.0798593
"19689",3000001,37.5760881,127.0800365
"19781",3000001,37.6155315,127.0743908
"19888",3000001,37.5824467,127.0799782
"19925",3000001,37.6142045,127.077093
"20054",3000001,37.601915,127.0791089
"20293",3000001,37.6142213,127.0765358
"20347",3000001,37.5991732,127.0795853
"20691",3000001,37.610175,127.0780909
"20858",3000001,37.580444,127.0791056
"20916",3000001,37.604857,127.078499
"21024",3000001,37.587098,127.079739
"21031",3000001,37.6046876,127.0786834
"25379",3000001,37.540081,127.0621778
"25380",3000001,37.540008,127.0619625
"29219",3000001,37.6747376,127.054812
"29351",3000001,37.6852123,127.0541379
"30019",3000001,37.6774996,127.0556739
"30368",3000001,37.6875793,127.0562257
"30372",3000001,37.6870738,127.0557432
"30390",3000001,37.6777181,127.0556156
"30819",3000001,37.6536051,127.0655382
"31075",3000001,37.6202772,127.074366
"31176",3000001,37.677107,127.0556052
"31222",3000001,37.6726805,127.0550403
"31791",3000001,37.6795381,127.0550055
"31917",3000001,37.6777241,127.0547438
"32425",3000001,37.6483233,127.0645379
"33391",3000001,37.6224428,127.0742777
"33585",3000001,37.6755223,127.0550365
"33700",3000001,37.6280625,127.0720119
"64616",3000001,37.539664,127.0621578
"65797",3000001,37.648252,127.0621783
"67830",3000001,37.5806962,127.0792775
"68549",3000001,37.5766498,127.0800786
"68564",3000001,37.5888101,127.0798509
"68634",3000001,37.5879874,127.080185
"59841",3123025,37.4750735,127.1186118
"32",3000008,37.571681,126.9615962
"90",3000008,37.5695041,126.9639269
"492",3000008,37.5745565,126.9586142
"600",3000008,37.5677135,126.9652491
"676",3000008,37.5748668,126.9577498
"708",3000008,37.5675188,126.9654213
"714",3000008,37.5706905,126.9623079
"1069",3000008,37.5681948,126.9648246
"1112",3000008,37.5699806,126.9633266
"1273",3000008,37.569395,126.9635928
"1559",3000008,37.5679076,126.9652146
"1664",3000008,37.5702444,126.9634914
"1670",3000008,37.5695539,126.9643027
"1879",3000008,37.5712531,126.9622012
"2076",3000008,37.569647,126.9639691
"2209",3000008,37.5701542,126.9636064
"2627",3000008,37.5698684,126.9638884
"2628",3000008,37.5698091,126.9635925
"2799",3000008,37.5723651,126.9600896
"2916",3000008,37.5611523,126.9694137
"3228",3000008,37.570029,126.9638634
"3266",3000008,37.5691961,126.964283
"3756",3000008,37.5592962,126.9719903
"4138",3000008,37.5703317,126.9629508
"4246",3000008,37.5700082,126.9630747
"4298",3000008,37.5591955,126.9721029
"4351",3000008,37.5697904,126.9643762
"4465",3000008,37.5580364,126.9722691
"4687",3000008,37.5708743,126.9622099
"4854",3000008,37.5712304,126.9627531
"30917",3000008,37.6012131,126.9361645
"31085",3000008,37.6116927,126.9282682
"31339",3000008,37.5991136,126.9378923
"31875",3000008,37.6037686,126.9344094
"32138",3000008,37.6238375,126.9196969
"32313",3000008,37.5855324,126.9487231
"32351",3000008,37.5984069,126.9374142
"32391",3000008,37.6183518,126.9226866
"32412",3000008,37.6250444,126.919821
"32461",3000008,37.6097765,126.9300102
"32498",3000008,37.6382889,126.9145881
"32525",3000008,37.6177049,126.9218114
"32567",3000008,37.5987043,126.9382284
"32585",3000008,37.6031741,126.9354241
"32623",3000008,37.6117875,126.9279526
"32690",3000008,37.5691539,126.9627
"32993",3000008,37.5762221,126.9543134
"33276",3000008,37.6192948,126.9202237
"33300",3000008,37.6074185,126.9317188
"33344",3000008,37.617371,126.922219
"33504",3000008,37.606583,126.9328609
"33577",3000008,37.6132258,126.9287994
"33673",3000008,37.6236049,126.9204455
"33714",3000008,37.6201372,126.9198434
"33774",3000008,37.6030854,126.9346102
"33839",3000008,37.5644811,126.9673744
"34097",3000008,37.6063084,126.9342605
"34228",3000008,37.5858567,126.948907
"34229",3000008,37.5948517,126.9400369
"34281",3000008,37.6259507,126.9197234
"34392",3000008,37.5893447,126.9426688
"34410",3000008,37.567797,126.9644593
"34509",3000008,37.5932625,126.940635
"34602",3000008,37.5935257,126.9415294
"34615",3000008,37.5982704,126.9368771
"34628",3000008,37.6269371,126.9201405
"34644",3000008,37.5988366,126.9380125
"34649",3000008,37.5877666,126.9457536
"34788",3000008,37.5753553,126.953329
"34873",3000008,37.5828725,126.9502668
"34885",3000008,37.6004712,126.9367338
"34951",3000008,37.5926899,126.9408044
"34965",3000008,37.5682076,126.9635995
"35024",3000008,37.5981819,126.9368554
"35052",3000008,37.6060096,126.9333383
"35058",3000008,37.5995645,126.9377165
"35076",3000008,37.5745515,126.9574594
"35135",3000008,37.5769741,126.954553
"35203",3000008,37.5886657,126.9437766
"35271",3000008,37.5958608,126.9392468
"35351",3000008,37.6027671,126.9345324
"35390",3000008,37.5989413,126.9384362
"35537",3000008,37.5769602,126.9545054
"35562",3000008,37.5901519,126.9420976
"35577",3000008,37.5662316,126.9657797
"35634",3000008,37.5645751,126.9667365
"35667",3000008,37.5931703,126.941229
"35745",3000008,37.5841522,126.9494936
"35776",3000008,37.5948111,126.9409652
"35806",3000008,37.5899141,126.9433117
"35857",3000008,37.5829388,126.9494858
"35888",3000008,37.5765796,126.954291
"35958",3000008,37.5905341,126.9417911
"35961",3000008,37.5671449,126.9650712
"35983",3000008,37.5768972,126.9533947
"36029",3000008,37.5870426,126.9464666
"36040",3000008,37.5873424,126.94554
"36068",3000008,37.5876557,126.9461378
"36070",3000008,37.596107,126.9389446
"36100",3000008,37.5945781,126.940313
"36247",3000008,37.5627765,126.9683731
"36272",3000008,37.585752,126.9487076
"36289",3000008,37.5952679,126.9396898
"36315",3000008,37.5689871,126.9624938
"36355",3000008,37.5948902,126.9401032
"36358",3000008,37.5769008,126.9538828
"36367",3000008,37.5878701,126.9450537
"36375",3000008,37.5887589,126.9448615
"36376",3000008,37.5928971,126.9408716
"36522",3000008,37.5828403,126.9497329
"36606",3000008,37.5894279,126.9430146
"36645",3000008,37.5890097,126.9441142
"36679",3000008,37.5818091,126.9502557
"36734",3000008,37.5894582,126.9436522
"36768",3000008,37.5941185,126.9404415
"36887",3000008,37.5884142,126.9443652
"37017",3000008,37.5713558,126.9607217
"37090",3000008,37.5681433,126.9641801
"37132",3000008,37.5867179,126.9461359
"37213",3000008,37.5931236,126.9407117
"37309",3000008,37.5644042,126.967082
"37476",3000008,37.5799487,126.9518867
"37813",3000008,37.5666322,126.9654141
"37931",3000008,37.5848217,126.9480882
"38036",3000008,37.5771374,126.9546885
"38099",3000008,37.5796892,126.9542129
"38225",3000008,37.5936929,126.9415239
"38435",3000008,37.590644,126.9415736
"38553",3000008,37.5923071,126.9415184
"38646",3000008,37.5878124,126.9462036
"38773",3000008,37.5942974,126.9404543
"39503",3000008,37.5938003,126.9408195
"39535",3000008,37.5846779,126.9483423
"40005",3000008,37.5944057,126.9410413
"40141",3000008,37.5954219,126.9392933
"65808",3000008,37.5690754,126.9625281
"67191",3000008,37.5704835,126.9636359
"68478",3000008,37.5953578,126.9391898
"68704",3000008,37.614942,126.9265993
"69360",3000008,37.5833327,126.9502439
"69668",3000008,37.6219195,126.9232893
"69708",3000008,37.5659567,126.9662103
"69894",3000008,37.5935292,126.9407204
"70314",3000008,37.5922085,126.9416972
"43469",3000022,37.4889979,126.8358527
"43513",3000022,37.4875192,126.838942
"43781",3000022,37.5026212,126.8288471
"43789",3000022,37.5048963,126.828647
"43833",3000022,37.5022904,126.8293828
"43876",3000022,37.5006158,126.8293189
"45724",3000022,37.5017687,126.8293799
"46284",3000022,37.4976467,126.8289204
"46555",3000022,37.4873886,126.8389919
"47741",3000022,37.4943797,126.8312423
"47768",3000022,37.4877483,126.8357228
"47935",3000022,37.496407,126.8294086
"47959",3000022,37.4828254,126.8423167
"47961",3000022,37.4840194,126.8404196
"47962",3000022,37.4834692,126.841247
"47963",3000022,37.482242,126.843988
"49299",3000022,37.4879798,126.8368245
"49672",3000022,37.484095,126.8424998
"59361",3000022,37.4812002,126.8451219
"67773",3000022,37.4976947,126.829714
"69678",3000022,37.4940209,126.8377932
"32259",3112019,37.5751225,126.9340092
"33869",3112019,37.5621204,126.9281101
"33898",3112019,37.5741425,126.9350126
"34267",3112019,37.5767383,126.936053
"34543",3112019,37.5710505,126.9337774
"34579",3112019,37.5619391,126.9279074
"34774",3112019,37.591263,126.939902
"34950",3112019,37.562415,126.9280524
"35211",3112019,37.5626973,126.9283361
"35289",3112019,37.5711612,126.933867
"35447",3112019,37.5738593,126.9346525
"35457",3112019,37.5738871,126.9344276
"35581",3112019,37.5815707,126.9365694
"35891",3112019,37.5627567,126.9286217
"36060",3112019,37.5809174,126.9364647
"36462",3112019,37.5624936,126.9285785
"36553",3112019,37.5805851,126.9359378
"36610",3112019,37.5638239,126.9296143
"36729",3112019,37.5596226,126.9269709
"36903",3112019,37.5793237,126.9335552
"36979",3112019,37.5743861,126.9351891
"37091",3112019,37.5784279,126.9357412
"37469",3112019,37.5812988,126.9365649
"37656",3112019,37.5627986,126.9283238
"37695",3112019,37.5653355,126.9288565
"37763",3112019,37.586975,126.9347457
"37844",3112019,37.565931,126.9295221
"37875",3112019,37.5686631,126.9327142
"37990",3112019,37.5663418,126.9298797
"38257",3112019,37.5666568,126.9302019
"39867",3112019,37.5608043,126.9264938
"40242",3112019,37.5622501,126.9278656
"40275",3112019,37.5616413,126.9279027
"69652",3112019,37.5658145,126.9290557
"69688",3112019,37.5658101,126.9293326
"69911",3112019,37.5700627,126.9329954
"70120",3112019,37.5604504,126.9264998
"45076",3000024,37.4502333,126.9114208
"45087",3000024,37.4502263,126.9109404
"45112",3000024,37.4505314,126.9114437
"45237",3000024,37.4546868,126.8998082
"45452",3000024,37.4505282,126.909163
"45743",3000024,37.4501944,126.9103502
"46616",3000024,37.4523103,126.906846
"47425",3000024,37.4541792,126.9022571
"47566",3000024,37.4519321,126.906439
"47594",3000024,37.4550184,126.9013504
"47707",3000024,37.4515035,126.9070158
"48098",3000024,37.4502991,126.9105018
"48301",3000024,37.4513192,126.9079152
"48304",3000024,37.4501952,126.9133663
"48401",3000024,37.4501739,126.9137995
"48714",3000024,37.4541493,126.8994594
"48809",3000024,37.453167,126.9049267
"48959",3000024,37.4514162,126.9075203
"49075",3000024,37.4506461,126.9108726
"49108",3000024,37.4523963,126.9064907
"49474",3000024,37.4513899,126.9072206
"49475",3000024,37.4510022,126.9095676
"49509",3000024,37.4508249,126.910551
"49510",3000024,37.4519189,126.9078815
"49511",3000024,37.4505293,126.9090593
"49522",3000024,37.4523019,126.9075845
"49794",3000024,37.4499898,126.9120675
"50064",3000024,37.4507392,126.9106444
"51358",3000024,37.4532487,126.9047918
"51409",3000024,37.4517057,126.907848
"67671",3000024,37.4505263,126.9098513
"39207",2000003,37.5069057,126.8435908
"40371",2000003,37.5278075,126.8331888
"41073",2000003,37.5144907,126.8399515
"42079",2000003,37.5599072,126.8082295
"42174",2000003,37.5458298,126.822562
"42994",2000003,37.5235523,126.8344879
"43252",2000003,37.5595417,126.8080245
"43254",2000003,37.5453862,126.8191236
"43660",2000003,37.5515057,126.8158398
"43805",2000003,37.4921481,126.8718177
"43881",2000003,37.5499725,126.8179578
"45082",2000003,37.4777923,126.896018
"45502",2000003,37.4789265,126.8945653
"46845",2000003,37.4806205,126.9098452
"47122",2000003,37.4791579,126.9018608
"47249",2000003,37.4879219,126.8770762
"47701",2000003,37.4795099,126.902982
"47919",2000003,37.4782272,126.8942298
"49943",2000003,37.4790992,126.9015394
"49944",2000003,37.4778997,126.8977949
"50021",2000003,37.4768147,126.9772538
"51408",2000003,37.4825336,126.8942407
"51549",2000003,37.4760094,126.9759502
"51674",2000003,37.4820202,126.9438946
"51902",2000003,37.4768188,126.9762133
"51911",2000003,37.480087,126.9403221
"52259",2000003,37.4773351,126.9639233
"53096",2000003,37.4823317,126.9154248
"53234",2000003,37.4822446,126.9478149
"53292",2000003,37.4836813,126.9291652
"53323",2000003,37.4762664,126.9799877
"53821",2000003,37.4766314,126.9757863
"53876",2000003,37.4837299,126.9238036
"53961",2000003,37.4842137,126.9267652
"53984",2000003,37.4836286,126.9289598
"54027",2000003,37.4837372,126.9276976
"54131",2000003,37.4751628,126.9686472
"54136",2000003,37.4827114,126.9212251
"54153",2000003,37.4854103,126.9359566
"54154",2000003,37.4819825,126.9442975
"54162",2000003,37.4849898,126.9370034
"54163",2000003,37.4847783,126.9374767
"54629",2000003,37.4836334,126.9225371
"54704",2000003,37.4837023,126.9291441
"54727",2000003,37.4826623,126.943563
"54822",2000003,37.4847125,127.0388238
"54849",2000003,37.4839885,126.9249432
"54950",2000003,37.4822085,126.9482092
"55120",2000003,37.4799966,126.955242
"55141",2000003,37.4843118,126.9283933
"55175",2000003,37.4774179,126.9637726
"55190",2000003,37.4764284,126.9768186
"55248",2000003,37.4828278,126.9421712
"55300",2000003,37.4839734,126.9241556
"55339",2000003,37.4844615,126.9381209
"55429",2000003,37.481761,126.9155258
"55612",2000003,37.4839258,126.9250883
"55800",2000003,37.4807836,126.9550203
"55824",2000003,37.4834763,126.9279036
"55896",2000003,37.4825266,126.9449784
"55973",2000003,37.4842673,126.9244828
"56008",2000003,37.4810835,126.9542151
"56065",2000003,37.4750395,126.9689613
"56076",2000003,37.4757845,126.9683863
"56146",2000003,37.480636,126.909921
"56163",2000003,37.4852002,126.9363467
"56174",2000003,37.4818472,126.9453158
"56352",2000003,37.4787426,127.0081297
"56396",2000003,37.4838845,126.9240333
"56424",2000003,37.4820315,126.9478889
"56542",2000003,37.4822484,126.9480847
"56596",2000003,37.4848341,126.9373145
"56693",2000003,37.4817043,126.946784
"56807",2000003,37.4819031,126.9450646
"56861",2000003,37.4749054,126.9882155
"56907",2000003,37.4798103,126.9016953
"56920",2000003,37.4786871,126.958517
"56969",2000003,37.4835032,126.9251598
"57018",2000003,37.4826278,126.9207797
"57164",2000003,37.4814265,126.9537101
"57276",2000003,37.4762561,126.9804724
"57409",2000003,37.4820985,126.9492293
"57556",2000003,37.4797477,126.9013407
"57616",2000003,37.4818122,126.9457213
"57714",2000003,37.4846297,127.0382953
"57732",2000003,37.4839982,126.9245814
"57780",2000003,37.483577,126.9222509
"57837",2000003,37.4785418,127.0073999
"57909",2000003,37.4819946,126.9440081
"57912",2000003,37.4799814,126.9574475
"57915",2000003,37.4821492,126.9176558
"57987",2000003,37.4853353,126.9359464
"58009",2000003,37.4769863,126.9643543
"58016",2000003,37.4841171,127.028619
"58063",2000003,37.4843368,126.9291786
"58089",2000003,37.4850854,127.0378983
"58132",2000003,37.4819004,126.9162801
"58184",2000003,37.4820645,127.0164426
"58204",2000003,37.4813259,126.9543016
"58289",2000003,37.4818189,126.9455576
"58430",2000003,37.4797779,126.9576222
"58460",2000003,37.4832293,126.9408919
"58549",2000003,37.4827053,127.0182133
"58571",2000003,37.4771185,127.0040762
"58910",2000003,37.4765008,127.0039321
"59088",2000003,37.4846551,127.0328211
"59184",2000003,37.4808275,127.0123845
"59284",2000003,37.4848487,127.0394753
"59409",2000003,37.4831464,126.9410258
"59432",2000003,37.4812871,126.9540593
"59888",2000003,37.4838128,126.9279444
"59956",2000003,37.4822804,126.947448
"60141",2000003,37.4795552,127.0115445
"60181",2000003,37.4749378,127.000383
"60631",2000003,37.4839018,126.9240815
"60637",2000003,37.4835133,127.0238816
"60687",2000003,37.4818715,126.9451847
"60882",2000003,37.4838551,126.9394815
"60896",2000003,37.4843723,126.9271941
"60897",2000003,37.4844234,126.9275173
"60898",2000003,37.4844836,126.9279052
"60975",2000003,37.4925355,127.0709113
"61844",2000003,37.4971641,127.0751252
"61850",2000003,37.4845231,127.0364827
"62289",2000003,37.4767356,126.9830992
"62463",2000003,37.4846473,127.0391736
"67486",2000003,37.4787072,126.891241
"67488",2000003,37.4782258,126.893933
"69147",2000003,37.4820185,126.9169194
"70337",2000003,37.4750955,126.9699902
"70415",2000003,37.4821451,126.9480443
"70483",2000003,37.478627,126.9606628
"70492",2000003,37.4816778,126.9118792
"70655",2000003,37.4776787,126.9630787
"70666",2000003,37.476491,126.9846885
"70738",2000003,37.4751505,127.0008653
"40125",3005069,37.5439386,126.8430992
"40991",3005069,37.5392309,126.8313253
"41460",3005069,37.5477152,126.8462899
"41869",3005069,37.5413841,126.8415593
"41874",3005069,37.5398795,126.8346492
"41889",3005069,37.5499665,126.8484484
"41898",3005069,37.5474951,126.8444948
"41955",3005069,37.5414664,126.8417217
"42180",3005069,37.5498607,126.8473914
"42221",3005069,37.5417555,126.8422523
"42287",3005069,37.5547506,126.8523011
"42341",3005069,37.5544402,126.8511434
"42430",3005069,37.5569109,126.853313
"42482",3005069,37.5494814,126.8480287
"42637",3005069,37.5424536,126.8427447
"42863",3005069,37.5474407,126.8448233
"42995",3005069,37.5395194,126.8278521
"43206",3005069,37.5575392,126.8495755
"43219",3005069,37.5409707,126.8391492
"43287",3005069,37.5392553,126.8319983
"43856",3005069,37.5474512,126.8451259
"44156",3005069,37.5415707,126.8415084
"44293",3005069,37.5420938,126.8424089
"44341",3005069,37.5471517,126.8451911
"44410",3005069,37.5402078,126.8345487
"44791",3005069,37.5570577,126.8533951
"44860",3005069,37.5447338,126.8435188
"46337",3005069,37.545154,126.8438972
"67991",3005069,37.5427859,126.8432739
"70003",3005069,37.5431165,126.8423412
"70139",3005069,37.5428807,126.8421188
"43651",3000028,37.4924476,126.8346765
"43717",3000028,37.4896822,126.8242878
"43744",3000028,37.494048,126.8403825
"43831",3000028,37.4916371,126.8332421
"43917",3000028,37.4910997,126.8328628
"43920",3000028,37.4940085,126.8402085
"43959",3000028,37.4946138,126.8415729
"45269",3000028,37.5066355,126.8834037
"45485",3000028,37.4893579,126.8256759
"45535",3000028,37.4964738,126.8458548
"45672",3000028,37.4944396,126.8406168
"45682",3000028,37.4969109,126.8528343
"45711",3000028,37.4954316,126.8415375
"45722",3000028,37.5040613,126.8821092
"45731",3000028,37.496688,126.8464147
"45788",3000028,37.4974936,126.8558939
"45805",3000028,37.4971858,126.8459384
"45829",3000028,37.5074764,126.885775
"45921",3000028,37.5025492,126.8800304
"46037",3000028,37.4966198,126.8463026
"46092",3000028,37.4968571,126.8451727
"46401",3000028,37.4995707,126.8667829
"46488",3000028,37.5014879,126.878655
"46492",3000028,37.4964179,126.8460698
"46544",3000028,37.4997183,126.857373
"46606",3000028,37.4969565,126.8559772
"46778",3000028,37.5149822,126.9030308
"46840",3000028,37.5114614,126.8923203
"46866",3000028,37.5061584,126.8852463
"47108",3000028,37.4982122,126.8527553
"47585",3000028,37.4972357,126.8481377
"47662",3000028,37.4958025,126.8425187
"47812",3000028,37.4975994,126.8636696
"47848",3000028,37.5073805,126.8853439
"48003",3000028,37.4980773,126.853084
"48008",3000028,37.506915,126.8844027
"48113",3000028,37.5070995,126.8844361
"48171",3000028,37.4957896,126.8421864
"48514",3000028,37.5159999,126.9042226
"48633",3000028,37.5180604,126.9106264
"49001",3000028,37.4965715,126.8460883
"49042",3000028,37.515186,126.9037895
"49058",3000028,37.5063242,126.8853694
"49168",3000028,37.5175632,126.9093702
"49183",3000028,37.5176927,126.9114138
"49210",3000028,37.5152244,126.9041299
"49381",3000028,37.5157953,126.9052788
"49382",3000028,37.5158227,126.905736
"49383",3000028,37.5161183,126.9047046
"49818",3000028,37.5130114,126.8960241
"49961",3000028,37.4910027,126.8252376
"50127",3000028,37.5148939,126.9014251
"50868",3000028,37.5153928,126.903201
"50869",3000028,37.5156877,126.9035673
"51094",3000028,37.5162249,126.9050484
"52334",3000028,37.5179247,126.9127029
"52832",3000028,37.5170004,126.9079264
"52872",3000028,37.5172539,126.9083631
"65665",3000028,37.506954,126.884923
"67517",3000028,37.5017591,126.878625
"67636",3000028,37.4985451,126.85114
"67937",3000028,37.5183307,126.9113032
"70296",3000028,37.5178289,126.9116974
"43567",2209001,37.5829192,126.7974024
"43581",2209001,37.5821915,126.7986
"40392",3115001,37.5448064,126.8368758
"40436",3115001,37.5592563,126.8380957
"40534",3115001,37.5664098,126.8398471
"40559",3115001,37.5502124,126.8351219
"40605",3115001,37.5458162,126.8370908
"41054",3115001,37.5721899,126.8415052
"41190",3115001,37.5579513,126.8376643
"41210",3115001,37.5617828,126.838546
"41860",3115001,37.5596565,126.8382249
"41972",3115001,37.553747,126.8371199
"42027",3115001,37.5543297,126.8365136
"42066",3115001,37.5553827,126.8368472
"42109",3115001,37.5699214,126.8412131
"42169",3115001,37.5311747,126.8465369
"42195",3115001,37.5509729,126.842616
"42208",3115001,37.570371,126.8411695
"42213",3115001,37.5566616,126.8372531
"42222",3115001,37.5500957,126.8350484
"42254",3115001,37.5712263,126.8411908
"42389",3115001,37.5411399,126.8403415
"42408",3115001,37.5657768,126.8409144
"42440",3115001,37.5702479,126.8422793
"42462",3115001,37.538913,126.8427945
"42466",3115001,37.5716673,126.8412645
"42481",3115001,37.5724144,126.8418866
"42555",3115001,37.5714823,126.8409961
"42587",3115001,37.540949,126.840698
"42618",3115001,37.5493817,126.8352875
"42668",3115001,37.5534494,126.8362256
"42680",3115001,37.5614678,126.8395274
"42860",3115001,37.5454174,126.8374764
"43312",3115001,37.5320373,126.8468962
"43353",3115001,37.5542579,126.8372799
"43458",3115001,37.5619392,126.8396809
"43462",3115001,37.5623917,126.8398261
"43532",3115001,37.5330235,126.8453759
"43629",3115001,37.550154,126.8359927
"43639",3115001,37.5438682,126.8387429
"44035",3115001,37.5508197,126.8355051
"44419",3115001,37.5713833,126.8410524
"44491",3115001,37.5693791,126.8411905
"44556",3115001,37.5319937,126.8459158
"44606",3115001,37.5548735,126.8366869
"44913",3115001,37.5450426,126.836663
"44947",3115001,37.5662138,126.8392881
"46543",3115001,37.5604968,126.8402287
"46666",3115001,37.5452929,126.8374851
"48005",3115001,37.562678,126.8383032
"69538",3115001,37.5448358,126.8375577
"69797",3115001,37.5427034,126.8389868
"70259",3115001,37.5474934,126.8359385
"46628",3118022,37.5194198,126.9063597
"47078",3118022,37.51522,126.9178555
"47105",3118022,37.520204,126.9028609
"48370",3118022,37.5215325,126.8966307
"48560",3118022,37.5214993,126.8964193
"48897",3118022,37.5132032,126.9219864
"49325",3118022,37.5205986,126.9020009
"49357",3118022,37.5226418,126.8895822
"49458",3118022,37.5237472,126.8821446
"49894",3118022,37.5129665,126.9230751
"49896",3118022,37.5136424,126.9199537
"50569",3118022,37.5133176,126.9212265
"50726",3118022,37.514214,126.9202258
"50806",3118022,37.5237772,126.8819372
"50920",3118022,37.5159753,126.9176988
"51071",3118022,37.5124902,126.924447
"51200",3118022,37.5202331,126.904209
"51260",3118022,37.5194956,126.9060081
"51274",3118022,37.5142288,126.9199649
"51655",3118022,37.5225096,126.8906824
"51759",3118022,37.5135632,126.9200732
"51999",3118022,37.5228327,126.8882229
"52227",3118022,37.5133868,126.9230611
"52762",3118022,37.5181131,126.9035179
"53018",3118022,37.5131872,126.921506
"55272",3118022,37.5142253,126.9194717
"55412",3118022,37.5229869,126.8830835
"67565",3118022,37.51999,126.9061598
"67706",3118022,37.5184462,126.9107578
"67824",3118022,37.518525,126.9105795
"69842",3118022,37.5136453,126.9223415
"70035",3118022,37.5206841,126.9016026
"4598",3102004,37.525529,126.967193
"5044",3102004,37.5259714,126.9664516
"5202",3102004,37.5289111,126.9906375
"5416",3102004,37.5217024,126.9977852
"5420",3102004,37.5231702,126.9702293
"5926",3102004,37.5232122,126.9695052
"6988",3102004,37.5250746,126.967957
"7240",3102004,37.5216011,126.9978583
"7484",3102004,37.5252218,126.96771
"9401",3102004,37.5253839,126.9674372
"10944",3102004,37.5258106,126.9651617
"64282",3102004,37.5256688,126.9669576
"64620",3102004,37.5231781,126.9699135
"6604",3103010,37.5407851,127.0485616
"6758",3103010,37.5383712,127.0578607
"6835",3103010,37.5395648,127.0462648
"7768",3103010,37.5387393,127.0561819
"8199",3103010,37.537876,127.0573661
"8405",3103010,37.5329929,127.0774699
"8421",3103010,37.5379419,127.0572444
"8436",3103010,37.531385,127.0837561
"8638",3103010,37.5355379,127.066795
"9013",3103010,37.5385249,127.0555516
"9696",3103010,37.5394295,127.0542872
"9719",3103010,37.5378818,127.0580864
"9744",3103010,37.5390968,127.0545893
"9827",3103010,37.5386267,127.0563619
"9831",3103010,37.5402878,127.0489716
"10142",3103010,37.5396809,127.0510363
"10145",3103010,37.5328892,127.0874607
"10146",3103010,37.5317638,127.0817717
"10396",3103010,37.5366295,127.0639283
"10469",3103010,37.5395649,127.0513407
"10581",3103010,37.537906,127.0577548
"10613",3103010,37.5325841,127.0781721
"10628",3103010,37.5319357,127.0802849
"10746",3103010,37.5386095,127.0572636
"10846",3103010,37.539737,127.0505783
"10895",3103010,37.5321132,127.0789306
"11060",3103010,37.5416245,127.0475946
"11776",3103010,37.5413106,127.0474383
"12190",3103010,37.5365335,127.0642739
"12361",3103010,37.5313766,127.0812461
"12604",3103010,37.5329643,127.0863003
"12643",3103010,37.5331774,127.086798
"12685",3103010,37.5334371,127.0873608
"12686",3103010,37.5332176,127.0884396
"12778",3103010,37.5312837,127.0821087
"12882",3103010,37.5328865,127.086958
"12994",3103010,37.5365467,127.0624543
"13011",3103010,37.5316859,127.0832942
"13062",3103010,37.5333332,127.0870666
"13094",3103010,37.5313064,127.0818374
"13099",3103010,37.5330609,127.0879006
"13118",3103010,37.5353216,127.0679226
"13145",3103010,37.5371133,127.0631757
"13482",3103010,37.5343554,127.076339
"13731",3103010,37.5318012,127.0815431
"13760",3103010,37.5369992,127.0630726
"14039",3103010,37.5331383,127.0881665
"14085",3103010,37.5318331,127.0845013
"14112",3103010,37.5313124,127.0815412
"14501",3103010,37.5331155,127.0866382
"14700",3103010,37.5371454,127.0625411
"64210",3103010,37.5323483,127.0789182
"64254",3103010,37.5355939,127.0680379
"64298",3103010,37.5379648,127.0569078
"64357",3103010,37.5390322,127.0551464
"64858",3103010,37.5355379,127.0670753
"49538",3118028,37.5105455,126.9290332
"50884",3118028,37.4976684,126.9178881
"51065",3118028,37.5057076,126.9222691
"51110",3118028,37.5050496,126.9220009
"51182",3118028,37.4971443,126.915754
"51277",3118028,37.5020475,126.9207795
"51418",3118028,37.4972626,126.9156715
"52064",3118028,37.5040094,126.9184755
"52929",3118028,37.5052416,126.9229761
"55985",3118028,37.4959689,126.9128029
"45175",3117009,37.476659,126.909187
"45313",3117009,37.4767306,126.9077051
"45510",3117009,37.4769395,126.9071855
"46715",3117009,37.476868,126.9095885
"46843",3117009,37.4760429,126.9042723
"47149",3117009,37.4773375,126.9103486
"47337",3117009,37.4766128,126.9096643
"47407",3117009,37.4764767,126.9077464
"47434",3117009,37.4767559,126.9099258
"47578",3117009,37.4762591,126.9060432
"47700",3117009,37.4769053,126.9102014
"48697",3117009,37.4765822,126.9055854
"48982",3117009,37.4769966,126.9076362
"49064",3117009,37.4769778,126.9086176
"51099",3117009,37.476832,126.9063545
"53196",3117009,37.4772322,126.9127323
"53230",3117009,37.4787339,126.9252459
"53347",3117009,37.4787674,126.9295863
"53366",3117009,37.4776782,126.9171707
"53369",3117009,37.4793896,126.9273696
"54914",3117009,37.4790343,126.9277948
"54927",3117009,37.4783217,126.9219209
"55180",3117009,37.4792636,126.9250568
"56300",3117009,37.4787581,126.9253573
"56304",3117009,37.4792923,126.9267762
"57579",3117009,37.4789081,126.9265339
"57695",3117009,37.4795754,126.9285193
"57751",3117009,37.4791261,126.9249445
"67310",3117009,37.4771763,126.9100381
"67470",3117009,37.4771746,126.909039
"70355",3117009,37.4795198,126.9265933
"7304",2102004,37.5292189,127.0111897
"56977",2121001,37.4982962,126.9895468
"57708",2121001,37.5026031,127.0162563
"57713",2121001,37.5036058,127.0193599
"58360",2121001,37.5015062,127.0046988
"58364",2121001,37.4989023,126.9913928
"59299",2121001,37.5027758,127.0196752
"59319",2121001,37.4983577,126.987658
"70554",2121001,37.5010526,127.001613
"7735",2102006,37.517703,126.9950338
"61454",3121025,37.4465739,127.0772037
"63350",3121025,37.4558386,127.0716614
"70527",3121025,37.4490696,127.0780497
"60260",3122003,37.4773328,127.1027931
"58441",3122010,37.5040184,127.0475237
"59805",3123006,37.5050962,127.1061622
"61210",3123006,37.5095554,127.0966348
