"cityName","dataTime","so2Value","coValue","o3Value","no2Value","pm10Value","pm25Value","lon","lat"
"강남구","2017-09-28 15:00",0.006,0.3,0.036,0.017,20,8,127.0473248,37.5172363
"강남구","2017-09-27 18:00",0.005,0.4,0.023,0.024,42,27,127.0473248,37.5172363
"강남구","2017-09-28 01:00",0.004,0.3,0.008,0.022,11,5,127.0473248,37.5172363
"강남구","2017-09-28 02:00",0.005,0.3,0.011,0.019,13,6,127.0473248,37.5172363
"강남구","2017-09-28 10:00",0.005,0.3,0.013,0.023,9,3,127.0473248,37.5172363
"강남구","2017-09-28 03:00",0.005,0.3,0.015,0.014,12,6,127.0473248,37.5172363
"강남구","2017-09-27 20:00",0.005,0.4,0.017,0.024,34,21,127.0473248,37.5172363
"강남구","2017-09-27 21:00",0.004,0.3,0.01,0.027,18,10,127.0473248,37.5172363
"강남구","2017-09-28 05:00",0.005,0.3,0.013,0.014,11,7,127.0473248,37.5172363
"강남구","2017-09-27 22:00",0.004,0.3,0.011,0.022,18,10,127.0473248,37.5172363
"강남구","2017-09-28 13:00",0.004,0.3,0.033,0.014,15,5,127.0473248,37.5172363
"강남구","2017-09-27 16:00",0.005,0.5,0.036,0.031,47,30,127.0473248,37.5172363
"강남구","2017-09-27 24:00",0.005,0.3,0.007,0.025,12,4,127.0473248,37.5172363
"강남구","2017-09-27 17:00",0.005,0.4,0.033,0.029,47,30,127.0473248,37.5172363
"강남구","2017-09-28 08:00",0.005,0.3,0.007,0.025,9,6,127.0473248,37.5172363
"강남구","2017-09-27 19:00",0.006,0.4,0.017,0.028,40,23,127.0473248,37.5172363
"강남구","2017-09-28 14:00",0.005,0.3,0.034,0.018,17,6,127.0473248,37.5172363
"강남구","2017-09-28 12:00",0.005,0.3,0.022,0.019,14,3,127.0473248,37.5172363
"강남구","2017-09-28 11:00",0.005,0.3,0.014,0.022,11,3,127.0473248,37.5172363
"강남구","2017-09-28 09:00",0.005,0.4,0.006,0.028,12,3,127.0473248,37.5172363
"강남구","2017-09-28 07:00",0.005,0.3,0.009,0.021,10,7,127.0473248,37.5172363
"강남구","2017-09-28 06:00",0.004,0.3,0.011,0.015,10,7,127.0473248,37.5172363
"강남구","2017-09-28 04:00",0.004,0.3,0.012,0.016,13,6,127.0473248,37.5172363
"강남구","2017-09-27 23:00",0.005,0.3,0.012,0.021,11,5,127.0473248,37.5172363
"강동구","2017-09-27 18:00",0.004,0.5,0.027,0.023,61,25,127.123762,37.5301251
"강동구","2017-09-28 03:00",0.004,0.3,0.02,0.009,10,3,127.123762,37.5301251
"강동구","2017-09-27 22:00",0.004,0.4,0.009,0.029,9,4,127.123762,37.5301251
"강동구","2017-09-28 10:00",0.004,0.3,0.02,0.016,10,4,127.123762,37.5301251
"강동구","2017-09-27 17:00",0.004,0.6,0.041,0.025,71,34,127.123762,37.5301251
"강동구","2017-09-28 08:00",0.004,0.3,0.01,0.022,8,3,127.123762,37.5301251
"강동구","2017-09-28 09:00",0.005,0.3,0.016,0.017,9,4,127.123762,37.5301251
"강동구","2017-09-28 02:00",0.004,0.3,0.018,0.013,13,3,127.123762,37.5301251
"강동구","2017-09-28 12:00",0.004,0.3,0.025,0.017,26,7,127.123762,37.5301251
"강동구","2017-09-27 19:00",0.004,0.5,0.022,0.025,58,24,127.123762,37.5301251
"강동구","2017-09-28 04:00",0.004,0.3,0.018,0.011,14,3,127.123762,37.5301251
"강동구","2017-09-28 05:00",0.004,0.3,0.019,0.009,7,5,127.123762,37.5301251
"강동구","2017-09-28 07:00",0.003,0.3,0.009,0.019,15,6,127.123762,37.5301251
"강동구","2017-09-28 11:00",0.004,0.4,0.02,0.019,15,3,127.123762,37.5301251
"강동구","2017-09-27 23:00",0.004,0.4,0.007,0.028,17,10,127.123762,37.5301251
"강동구","2017-09-27 24:00",0.004,0.4,0.009,0.025,21,8,127.123762,37.5301251
"강동구","2017-09-27 21:00",0.003,0.3,0.024,0.012,15,0,127.123762,37.5301251
"강동구","2017-09-28 15:00",0.005,0.4,0.04,0.016,31,6,127.123762,37.5301251
"강동구","2017-09-28 01:00",0.004,0.3,0.016,0.015,17,8,127.123762,37.5301251
"강동구","2017-09-27 16:00",0.005,0.5,0.044,0.029,85,34,127.123762,37.5301251
"강동구","2017-09-28 14:00",0.004,0.3,0.039,0.018,26,4,127.123762,37.5301251
"강동구","2017-09-27 20:00",0.004,0.3,0.026,0.012,18,6,127.123762,37.5301251
"강동구","2017-09-28 06:00",0.004,0.3,0.014,0.014,8,5,127.123762,37.5301251
"강동구","2017-09-28 13:00",0.004,0.3,0.035,0.015,26,9,127.123762,37.5301251
"강북구","2017-09-28 15:00",0.004,0.3,0.048,0.011,21,8,NA,NA
"강북구","2017-09-28 05:00",0.002,0.2,0.011,0.006,5,5,NA,NA
"강북구","2017-09-28 10:00",0.003,0.2,0.017,0.016,6,3,NA,NA
"강북구","2017-09-27 24:00",0.002,0.2,0.013,0.011,6,3,NA,NA
"강북구","2017-09-28 09:00",0.002,0.3,0.008,0.022,5,3,NA,NA
"강북구","2017-09-28 02:00",0.002,0.2,0.013,0.008,5,3,NA,NA
"강북구","2017-09-27 19:00",0.003,0.3,0.034,0.009,49,30,NA,NA
"강북구","2017-09-27 17:00",0.003,0.4,0.041,0.006,51,35,NA,NA
"강북구","2017-09-27 18:00",0.003,0.3,0.037,0.007,46,29,NA,NA
"강북구","2017-09-27 21:00",0.002,0.3,0.012,0.021,27,16,NA,NA
"강북구","2017-09-28 11:00",0.003,0.2,0.027,0.009,6,3,NA,NA
"강북구","2017-09-28 14:00",0.003,0.2,0.045,0.012,16,5,NA,NA
"강북구","2017-09-28 03:00",0.003,0.2,0.013,0.007,5,3,NA,NA
"강북구","2017-09-28 01:00",0.002,0.2,0.009,0.011,7,3,NA,NA
"강북구","2017-09-27 16:00",0.003,0.4,0.05,0.009,52,35,NA,NA
"강북구","2017-09-28 04:00",0.002,0.2,0.011,0.007,6,3,NA,NA
"강북구","2017-09-27 22:00",0.002,0.3,0.012,0.014,15,8,NA,NA
"강북구","2017-09-27 20:00",0.003,0.3,0.023,0.014,46,30,NA,NA
"강북구","2017-09-27 23:00",0.003,0.3,0.012,0.012,9,5,NA,NA
"강북구","2017-09-28 07:00",0.002,0.2,0.008,0.012,5,3,NA,NA
"강북구","2017-09-28 08:00",0.002,0.2,0.003,0.02,5,3,NA,NA
"강북구","2017-09-28 06:00",0.002,0.2,0.009,0.01,5,3,NA,NA
"강북구","2017-09-28 12:00",0.003,0.2,0.033,0.008,10,0,NA,NA
"강북구","2017-09-28 13:00",0.003,0.2,0.04,0.01,10,0,NA,NA
"강서구","2017-09-28 02:00",0.005,0.3,0.018,0.016,12,5,126.8495382,37.5509786
"강서구","2017-09-28 08:00",0.006,0.3,0.009,0.025,15,3,126.8495382,37.5509786
"강서구","2017-09-27 19:00",0.005,0.5,0.019,0.029,63,35,126.8495382,37.5509786
"강서구","2017-09-28 03:00",0.005,0.3,0.018,0.015,20,5,126.8495382,37.5509786
"강서구","2017-09-28 11:00",0.006,0.3,0.028,0.015,36,13,126.8495382,37.5509786
"강서구","2017-09-28 10:00",0.005,0.3,0.017,0.019,18,6,126.8495382,37.5509786
"강서구","2017-09-28 12:00",0.005,0.3,0.039,0.012,20,10,126.8495382,37.5509786
"강서구","2017-09-28 01:00",0.004,0.3,0.018,0.014,0,9,126.8495382,37.5509786
"강서구","2017-09-28 09:00",0.006,0.3,0.01,0.023,15,3,126.8495382,37.5509786
"강서구","2017-09-27 24:00",0.005,0.3,0.016,0.019,20,10,126.8495382,37.5509786
"강서구","2017-09-28 07:00",0.005,0.3,0.012,0.022,9,7,126.8495382,37.5509786
"강서구","2017-09-28 15:00",0.005,0.4,0.045,0.011,35,12,126.8495382,37.5509786
"강서구","2017-09-28 04:00",0.005,0.2,0.018,0.012,10,4,126.8495382,37.5509786
"강서구","2017-09-27 20:00",0.006,0.5,0.017,0.026,69,30,126.8495382,37.5509786
"강서구","2017-09-27 21:00",0.007,0.5,0.013,0.03,60,30,126.8495382,37.5509786
"강서구","2017-09-28 05:00",0.005,0.2,0.017,0.012,9,9,126.8495382,37.5509786
"강서구","2017-09-27 18:00",0.005,0.5,0.024,0.028,60,27,126.8495382,37.5509786
"강서구","2017-09-27 23:00",0.006,0.3,0.011,0.023,23,8,126.8495382,37.5509786
"강서구","2017-09-27 16:00",0.005,0.4,0.038,0.02,66,37,126.8495382,37.5509786
"강서구","2017-09-28 14:00",0.005,0.3,0.04,0.011,17,5,126.8495382,37.5509786
"강서구","2017-09-27 17:00",0.005,0.4,0.027,0.025,67,33,126.8495382,37.5509786
"강서구","2017-09-27 22:00",0.005,0.4,0.012,0.025,27,14,126.8495382,37.5509786
"강서구","2017-09-28 13:00",0.004,0.3,0.038,0.012,21,9,126.8495382,37.5509786
"강서구","2017-09-28 06:00",0.006,0.2,0.019,0.011,8,4,126.8495382,37.5509786
"관악구","2017-09-28 02:00",0.004,0.3,0.009,0.016,14,5,126.9516133,37.4784063
"관악구","2017-09-27 18:00",0.004,0.5,0.02,0.026,46,25,126.9516133,37.4784063
"관악구","2017-09-28 08:00",0.005,0.3,0.009,0.019,7,3,126.9516133,37.4784063
"관악구","2017-09-27 19:00",0.005,0.5,0.017,0.026,44,28,126.9516133,37.4784063
"관악구","2017-09-28 01:00",0.005,0.3,0.009,0.018,16,9,126.9516133,37.4784063
"관악구","2017-09-27 24:00",0.005,0.3,0.005,0.025,15,5,126.9516133,37.4784063
"관악구","2017-09-28 07:00",0.005,0.2,0.01,0.017,10,3,126.9516133,37.4784063
"관악구","2017-09-28 15:00",0.006,0.3,0.041,0.012,31,8,126.9516133,37.4784063
"관악구","2017-09-27 16:00",0.005,0.4,0.046,0.019,47,32,126.9516133,37.4784063
"관악구","2017-09-28 09:00",0.004,0.3,0.011,0.019,9,3,126.9516133,37.4784063
"관악구","2017-09-28 10:00",0.005,0.3,0.015,0.017,12,3,126.9516133,37.4784063
"관악구","2017-09-28 03:00",0.004,0.3,0.009,0.015,13,4,126.9516133,37.4784063
"관악구","2017-09-27 20:00",0.005,0.5,0.009,0.031,46,27,126.9516133,37.4784063
"관악구","2017-09-27 23:00",0.004,0.3,0.006,0.024,14,5,126.9516133,37.4784063
"관악구","2017-09-27 17:00",0.005,0.5,0.03,0.022,46,27,126.9516133,37.4784063
"관악구","2017-09-28 14:00",0.005,0.3,0.038,0.01,24,6,126.9516133,37.4784063
"관악구","2017-09-28 12:00",0.005,0.2,0.032,0.011,21,4,126.9516133,37.4784063
"관악구","2017-09-27 22:00",0.004,0.4,0.007,0.026,20,10,126.9516133,37.4784063
"관악구","2017-09-28 04:00",0.005,0.3,0.012,0.012,13,5,126.9516133,37.4784063
"관악구","2017-09-27 21:00",0.005,0.4,0.013,0.023,29,20,126.9516133,37.4784063
"관악구","2017-09-28 11:00",0.005,0.3,0.018,0.016,18,4,126.9516133,37.4784063
"관악구","2017-09-28 05:00",0.005,0.2,0.016,0.008,10,4,126.9516133,37.4784063
"관악구","2017-09-28 13:00",0.005,0.2,0.037,0.011,19,6,126.9516133,37.4784063
"관악구","2017-09-28 06:00",0.005,0.2,0.015,0.011,8,4,126.9516133,37.4784063
"광진구","2017-09-28 03:00",0.003,0.4,0.03,0.013,6,5,127.0822938,37.5384843
"광진구","2017-09-28 15:00",0.003,0.5,0.046,0.02,25,8,127.0822938,37.5384843
"광진구","2017-09-27 19:00",0.003,0.6,0.038,0.022,42,29,127.0822938,37.5384843
"광진구","2017-09-28 01:00",0.003,0.5,0.026,0.019,8,7,127.0822938,37.5384843
"광진구","2017-09-27 18:00",0.003,0.7,0.037,0.029,48,33,127.0822938,37.5384843
"광진구","2017-09-27 20:00",0.003,0.5,0.032,0.026,25,16,127.0822938,37.5384843
"광진구","2017-09-28 07:00",0.003,0.5,0.022,0.021,9,6,127.0822938,37.5384843
"광진구","2017-09-28 08:00",0.003,0.5,0.019,0.027,6,3,127.0822938,37.5384843
"광진구","2017-09-27 24:00",0.003,0.5,0.029,0.016,8,5,127.0822938,37.5384843
"광진구","2017-09-28 14:00",0.003,0.4,0.046,0.02,20,7,127.0822938,37.5384843
"광진구","2017-09-28 10:00",0.003,0.5,0.026,0.024,5,3,127.0822938,37.5384843
"광진구","2017-09-27 16:00",0.003,0.7,0.047,0.034,49,34,127.0822938,37.5384843
"광진구","2017-09-27 23:00",0.003,0.5,0.031,0.015,8,5,127.0822938,37.5384843
"광진구","2017-09-28 02:00",0.003,0.5,0.027,0.017,8,5,127.0822938,37.5384843
"광진구","2017-09-28 12:00",0.003,0.4,0.03,0.023,20,6,127.0822938,37.5384843
"광진구","2017-09-28 05:00",0.003,0.5,0.022,0.019,8,8,127.0822938,37.5384843
"광진구","2017-09-27 22:00",0.003,0.6,0.028,0.019,12,8,127.0822938,37.5384843
"광진구","2017-09-27 17:00",0.003,0.7,0.055,0.023,53,37,127.0822938,37.5384843
"광진구","2017-09-28 06:00",0.003,0.5,0.023,0.019,9,6,127.0822938,37.5384843
"광진구","2017-09-27 21:00",0.003,0.5,0.025,0.027,0,6,127.0822938,37.5384843
"광진구","2017-09-28 04:00",0.003,0.5,0.029,0.014,7,4,127.0822938,37.5384843
"광진구","2017-09-28 09:00",0.003,0.5,0.021,0.027,5,3,127.0822938,37.5384843
"광진구","2017-09-28 13:00",0.002,0.4,0.04,0.017,19,6,127.0822938,37.5384843
"광진구","2017-09-28 11:00",0.003,0.5,0.029,0.024,7,3,127.0822938,37.5384843
"구로구","2017-09-28 10:00",0.005,0.4,0.012,0.016,18,10,126.887369,37.4954031
"구로구","2017-09-27 18:00",0.005,0.5,0.022,0.019,53,26,126.887369,37.4954031
"구로구","2017-09-27 19:00",0.005,0.5,0.02,0.019,54,24,126.887369,37.4954031
"구로구","2017-09-28 09:00",0.005,0.3,0.012,0.014,5,3,126.887369,37.4954031
"구로구","2017-09-28 15:00",0.006,0.4,0.037,0.011,28,14,126.887369,37.4954031
"구로구","2017-09-28 08:00",0.005,0.3,0.011,0.015,7,3,126.887369,37.4954031
"구로구","2017-09-27 16:00",0.005,0.5,0.042,0.013,63,34,126.887369,37.4954031
"구로구","2017-09-27 17:00",0.005,0.5,0.032,0.014,55,31,126.887369,37.4954031
"구로구","2017-09-28 02:00",0.005,0.3,0.014,0.011,9,8,126.887369,37.4954031
"구로구","2017-09-28 07:00",0.005,0.3,0.011,0.015,5,4,126.887369,37.4954031
"구로구","2017-09-27 20:00",0.005,0.5,0.016,0.018,57,29,126.887369,37.4954031
"구로구","2017-09-28 03:00",0.005,0.3,0.012,0.012,13,3,126.887369,37.4954031
"구로구","2017-09-27 24:00",0.005,0.4,0.008,0.019,18,8,126.887369,37.4954031
"구로구","2017-09-27 21:00",0.005,0.5,0.007,0.027,53,42,126.887369,37.4954031
"구로구","2017-09-28 12:00",0.006,0.3,0.03,0.009,21,9,126.887369,37.4954031
"구로구","2017-09-27 22:00",0.005,0.4,0.005,0.026,39,25,126.887369,37.4954031
"구로구","2017-09-28 01:00",0.005,0.3,0.012,0.014,18,12,126.887369,37.4954031
"구로구","2017-09-28 14:00",0.006,0.3,0.033,0.01,24,11,126.887369,37.4954031
"구로구","2017-09-28 11:00",0.006,0.3,0.018,0.014,28,8,126.887369,37.4954031
"구로구","2017-09-28 05:00",0.005,0.3,0.019,0.005,7,3,126.887369,37.4954031
"구로구","2017-09-27 23:00",0.005,0.4,0.007,0.022,20,12,126.887369,37.4954031
"구로구","2017-09-28 04:00",0.005,0.3,0.016,0.008,10,8,126.887369,37.4954031
"구로구","2017-09-28 06:00",0.005,0.3,0.016,0.009,7,5,126.887369,37.4954031
"구로구","2017-09-28 13:00",0.006,0.3,0.032,0.01,21,5,126.887369,37.4954031
"금천구","2017-09-28 08:00",0.003,0.3,0.015,0.019,5,3,126.9020358,37.4518527
"금천구","2017-09-28 15:00",0.003,0.4,0.045,0.02,18,10,126.9020358,37.4518527
"금천구","2017-09-27 18:00",0.003,0.5,0.031,0.026,40,29,126.9020358,37.4518527
"금천구","2017-09-28 07:00",0.002,0.3,0.017,0.015,5,5,126.9020358,37.4518527
"금천구","2017-09-27 20:00",0.003,0.5,0.018,0.031,43,31,126.9020358,37.4518527
"금천구","2017-09-28 09:00",0.003,0.3,0.019,0.017,10,3,126.9020358,37.4518527
"금천구","2017-09-27 17:00",0.003,0.5,0.042,0.024,42,32,126.9020358,37.4518527
"금천구","2017-09-28 02:00",0.003,0.3,0.014,0.017,9,6,126.9020358,37.4518527
"금천구","2017-09-28 12:00",0.003,0.3,0.039,0.016,17,7,126.9020358,37.4518527
"금천구","2017-09-27 19:00",0.003,0.5,0.025,0.029,40,29,126.9020358,37.4518527
"금천구","2017-09-28 01:00",0.003,0.3,0.01,0.023,10,7,126.9020358,37.4518527
"금천구","2017-09-28 06:00",0.003,0.3,0.02,0.012,5,3,126.9020358,37.4518527
"금천구","2017-09-27 24:00",0.003,0.4,0.007,0.031,11,7,126.9020358,37.4518527
"금천구","2017-09-28 10:00",0.003,0.3,0.018,0.023,11,5,126.9020358,37.4518527
"금천구","2017-09-28 03:00",0.003,0.3,0.011,0.019,7,0,126.9020358,37.4518527
"금천구","2017-09-28 04:00",0.003,0.3,0.013,0.017,9,6,126.9020358,37.4518527
"금천구","2017-09-28 11:00",0.003,0.3,0.023,0.021,15,8,126.9020358,37.4518527
"금천구","2017-09-28 05:00",0.003,0.3,0.02,0.012,8,4,126.9020358,37.4518527
"금천구","2017-09-27 16:00",0.003,0.5,0.058,0.023,43,32,126.9020358,37.4518527
"금천구","2017-09-28 13:00",0.003,0.3,0.04,0.016,15,8,126.9020358,37.4518527
"금천구","2017-09-27 23:00",0.003,0.4,0.012,0.027,16,11,126.9020358,37.4518527
"금천구","2017-09-28 14:00",0.003,0.3,0.036,0.022,16,7,126.9020358,37.4518527
"금천구","2017-09-27 21:00",0.003,0.5,0.014,0.031,37,30,126.9020358,37.4518527
"금천구","2017-09-27 22:00",0.003,0.4,0.014,0.026,24,16,126.9020358,37.4518527
"노원구","2017-09-27 19:00",0.002,0.4,0.041,0.017,54,32,127.056793,37.6541917
"노원구","2017-09-27 24:00",0.002,0.3,0.027,0.01,14,5,127.056793,37.6541917
"노원구","2017-09-27 18:00",0.002,0.5,0.042,0.013,56,34,127.056793,37.6541917
"노원구","2017-09-28 06:00",0.002,0.3,0.023,0.008,16,9,127.056793,37.6541917
"노원구","2017-09-28 08:00",0.002,0.3,0.023,0.011,8,3,127.056793,37.6541917
"노원구","2017-09-28 01:00",0.002,0.3,0.025,0.011,17,7,127.056793,37.6541917
"노원구","2017-09-27 17:00",0.002,0.5,0.043,0.019,61,36,127.056793,37.6541917
"노원구","2017-09-28 09:00",0.002,0.3,0.028,0.009,5,3,127.056793,37.6541917
"노원구","2017-09-28 07:00",0.002,0.3,0.024,0.009,14,7,127.056793,37.6541917
"노원구","2017-09-28 10:00",0.002,0.3,0.031,0.009,10,3,127.056793,37.6541917
"노원구","2017-09-27 23:00",0.002,0.3,0.025,0.012,14,6,127.056793,37.6541917
"노원구","2017-09-28 04:00",0.002,0.3,0.023,0.01,14,6,127.056793,37.6541917
"노원구","2017-09-27 20:00",0.002,0.3,0.025,0.022,42,24,127.056793,37.6541917
"노원구","2017-09-27 16:00",0.002,0.5,0.064,0.013,72,38,127.056793,37.6541917
"노원구","2017-09-28 15:00",0.002,0.3,0.054,0.015,30,13,127.056793,37.6541917
"노원구","2017-09-28 13:00",0.002,0.3,0.046,0.013,21,7,127.056793,37.6541917
"노원구","2017-09-27 21:00",0.002,0.3,0.023,0.016,22,11,127.056793,37.6541917
"노원구","2017-09-28 14:00",0.002,0.3,0.054,0.014,24,8,127.056793,37.6541917
"노원구","2017-09-28 05:00",0.002,0.3,0.023,0.009,14,6,127.056793,37.6541917
"노원구","2017-09-28 03:00",0.002,0.3,0.023,0.01,13,7,127.056793,37.6541917
"노원구","2017-09-28 11:00",0.002,0.3,0.029,0.015,12,4,127.056793,37.6541917
"노원구","2017-09-28 02:00",0.002,0.3,0.024,0.011,17,7,127.056793,37.6541917
"노원구","2017-09-28 12:00",0.002,0.3,0.041,0.013,19,5,127.056793,37.6541917
"노원구","2017-09-27 22:00",0.002,0.3,0.022,0.015,17,7,127.056793,37.6541917
"도봉구","2017-09-28 01:00",0.002,0.3,0.021,0.011,5,0,127.0470706,37.6687738
"도봉구","2017-09-27 24:00",0.002,0.3,0.019,0.014,14,6,127.0470706,37.6687738
"도봉구","2017-09-28 04:00",0.002,0.3,0.021,0.008,12,6,127.0470706,37.6687738
"도봉구","2017-09-27 20:00",0.002,0.5,0.023,0.023,46,25,127.0470706,37.6687738
"도봉구","2017-09-28 08:00",0.002,0.4,0.009,0.022,11,6,127.0470706,37.6687738
"도봉구","2017-09-27 16:00",0.002,0.5,0.051,0.015,56,33,127.0470706,37.6687738
"도봉구","2017-09-28 13:00",0.002,0.3,0.042,0.007,26,8,127.0470706,37.6687738
"도봉구","2017-09-27 18:00",0.002,0.6,0.034,0.016,46,28,127.0470706,37.6687738
"도봉구","2017-09-27 23:00",0.002,0.3,0.018,0.015,12,5,127.0470706,37.6687738
"도봉구","2017-09-28 15:00",0.002,0.4,0.049,0.009,26,9,127.0470706,37.6687738
"도봉구","2017-09-27 19:00",0.003,0.5,0.031,0.018,47,24,127.0470706,37.6687738
"도봉구","2017-09-27 17:00",0.002,0.6,0.04,0.016,54,32,127.0470706,37.6687738
"도봉구","2017-09-28 07:00",0.002,0.4,0.009,0.022,6,3,127.0470706,37.6687738
"도봉구","2017-09-28 03:00",0.002,0.3,0.021,0.009,17,5,127.0470706,37.6687738
"도봉구","2017-09-27 21:00",0.002,0.4,0.017,0.02,23,10,127.0470706,37.6687738
"도봉구","2017-09-28 09:00",0.003,0.4,0.012,0.021,9,4,127.0470706,37.6687738
"도봉구","2017-09-28 02:00",0.002,0.3,0.022,0.009,11,8,127.0470706,37.6687738
"도봉구","2017-09-28 12:00",0.002,0.3,0.036,0.007,14,3,127.0470706,37.6687738
"도봉구","2017-09-28 10:00",0.002,0.3,0.019,0.015,8,3,127.0470706,37.6687738
"도봉구","2017-09-28 05:00",0.002,0.3,0.019,0.01,9,6,127.0470706,37.6687738
"도봉구","2017-09-28 14:00",0.002,0.3,0.048,0.008,24,4,127.0470706,37.6687738
"도봉구","2017-09-28 11:00",0.002,0.3,0.029,0.009,14,3,127.0470706,37.6687738
"도봉구","2017-09-28 06:00",0.002,0.4,0.015,0.016,16,9,127.0470706,37.6687738
"도봉구","2017-09-27 22:00",0.002,0.4,0.014,0.021,15,5,127.0470706,37.6687738
"동대문구","2017-09-27 24:00",0.004,0.3,0.007,0.024,11,4,127.0400189,37.5743682
"동대문구","2017-09-28 01:00",0.003,0.3,0.009,0.019,14,8,127.0400189,37.5743682
"동대문구","2017-09-27 23:00",0.004,0.3,0.008,0.022,12,4,127.0400189,37.5743682
"동대문구","2017-09-28 10:00",0.004,0.3,0.014,0.02,17,12,127.0400189,37.5743682
"동대문구","2017-09-27 19:00",0.005,0.5,0.014,0.029,51,25,127.0400189,37.5743682
"동대문구","2017-09-27 20:00",0.005,0.4,0.011,0.03,53,24,127.0400189,37.5743682
"동대문구","2017-09-27 18:00",0.005,0.5,0.018,0.022,57,33,127.0400189,37.5743682
"동대문구","2017-09-28 12:00",0.004,0.4,0.027,0.015,25,8,127.0400189,37.5743682
"동대문구","2017-09-27 16:00",0.004,0.4,0.033,0.019,67,35,127.0400189,37.5743682
"동대문구","2017-09-28 13:00",0.005,0.3,0.036,0.016,26,6,127.0400189,37.5743682
"동대문구","2017-09-27 22:00",0.004,0.3,0.007,0.025,22,9,127.0400189,37.5743682
"동대문구","2017-09-28 14:00",0.005,0.3,0.036,0.018,26,7,127.0400189,37.5743682
"동대문구","2017-09-28 15:00",0.005,0.4,0.036,0.017,39,8,127.0400189,37.5743682
"동대문구","2017-09-28 08:00",0.004,0.4,0.006,0.026,5,3,127.0400189,37.5743682
"동대문구","2017-09-27 17:00",0.004,0.5,0.024,0.023,68,29,127.0400189,37.5743682
"동대문구","2017-09-28 11:00",0.004,0.3,0.019,0.015,20,6,127.0400189,37.5743682
"동대문구","2017-09-28 02:00",0.004,0.3,0.01,0.017,9,5,127.0400189,37.5743682
"동대문구","2017-09-28 07:00",0.004,0.3,0.007,0.023,6,5,127.0400189,37.5743682
"동대문구","2017-09-28 09:00",0.004,0.4,0.009,0.024,7,3,127.0400189,37.5743682
"동대문구","2017-09-27 21:00",0.005,0.3,0.011,0.023,27,11,127.0400189,37.5743682
"동대문구","2017-09-28 05:00",0.004,0.3,0.014,0.01,12,7,127.0400189,37.5743682
"동대문구","2017-09-28 06:00",0.004,0.3,0.01,0.016,13,6,127.0400189,37.5743682
"동대문구","2017-09-28 04:00",0.003,0.3,0.014,0.01,11,5,127.0400189,37.5743682
"동대문구","2017-09-28 03:00",0.005,0.3,0.012,0.014,20,7,127.0400189,37.5743682
"동작구","2017-09-28 10:00",0.004,0.3,0.021,0.016,29,4,126.9392525,37.512402
"동작구","2017-09-27 16:00",0.003,0.4,0.058,0.024,61,36,126.9392525,37.512402
"동작구","2017-09-28 09:00",0.003,0.3,0.018,0.02,20,3,126.9392525,37.512402
"동작구","2017-09-28 12:00",0.006,0.2,0.032,0.018,42,8,126.9392525,37.512402
"동작구","2017-09-27 18:00",0.003,0.5,0.026,0.031,60,33,126.9392525,37.512402
"동작구","2017-09-27 24:00",0.003,0.3,0.009,0.029,17,8,126.9392525,37.512402
"동작구","2017-09-27 20:00",0.003,0.4,0.023,0.028,54,30,126.9392525,37.512402
"동작구","2017-09-28 02:00",0.003,0.4,0.006,0.029,17,7,126.9392525,37.512402
"동작구","2017-09-28 08:00",0.003,0.3,0.012,0.023,9,3,126.9392525,37.512402
"동작구","2017-09-28 11:00",0.007,0.3,0.022,0.024,30,7,126.9392525,37.512402
"동작구","2017-09-27 22:00",0.003,0.3,0.016,0.025,24,12,126.9392525,37.512402
"동작구","2017-09-27 23:00",0.003,0.3,0.012,0.028,20,7,126.9392525,37.512402
"동작구","2017-09-27 19:00",0.003,0.5,0.021,0.031,58,30,126.9392525,37.512402
"동작구","2017-09-27 17:00",0.003,0.5,0.04,0.025,62,36,126.9392525,37.512402
"동작구","2017-09-28 14:00",0.006,0.2,0.041,0.016,31,7,126.9392525,37.512402
"동작구","2017-09-28 07:00",0.003,0.2,0.013,0.019,10,4,126.9392525,37.512402
"동작구","2017-09-28 13:00",0.006,0.2,0.041,0.018,35,4,126.9392525,37.512402
"동작구","2017-09-27 21:00",0.003,0.3,0.021,0.023,38,20,126.9392525,37.512402
"동작구","2017-09-28 04:00",0.003,0.4,0.009,0.022,16,8,126.9392525,37.512402
"동작구","2017-09-28 06:00",0.003,0.2,0.018,0.012,11,5,126.9392525,37.512402
"동작구","2017-09-28 01:00",0.003,0.3,0.009,0.027,16,7,126.9392525,37.512402
"동작구","2017-09-28 15:00",0.006,0.3,0.045,0.016,40,11,126.9392525,37.512402
"동작구","2017-09-28 03:00",0.003,0.4,0.007,0.026,15,7,126.9392525,37.512402
"동작구","2017-09-28 05:00",0.003,0.2,0.019,0.012,14,8,126.9392525,37.512402
"마포구","2017-09-27 20:00",0.004,0.5,0.023,0.02,43,28,126.9084211,37.5637561
"마포구","2017-09-28 01:00",0.003,0.4,0.009,0.021,10,8,126.9084211,37.5637561
"마포구","2017-09-27 19:00",0.003,0.5,0.026,0.02,44,32,126.9084211,37.5637561
"마포구","2017-09-28 04:00",0.003,0.4,0.016,0.01,7,6,126.9084211,37.5637561
"마포구","2017-09-27 17:00",0,0,0,0,49,28,126.9084211,37.5637561
"마포구","2017-09-28 05:00",0.003,0.3,0.021,0.005,8,5,126.9084211,37.5637561
"마포구","2017-09-27 16:00",0.003,0.5,0.053,0.019,50,38,126.9084211,37.5637561
"마포구","2017-09-28 07:00",0.003,0.3,0.009,0.02,5,5,126.9084211,37.5637561
"마포구","2017-09-28 08:00",0.003,0.4,0.01,0.02,5,5,126.9084211,37.5637561
"마포구","2017-09-28 09:00",0.003,0.4,0.012,0.021,7,4,126.9084211,37.5637561
"마포구","2017-09-27 18:00",0,0,0,0,45,28,126.9084211,37.5637561
"마포구","2017-09-28 10:00",0.003,0.4,0.017,0.019,11,5,126.9084211,37.5637561
"마포구","2017-09-27 21:00",0.003,0.4,0.024,0.014,23,16,126.9084211,37.5637561
"마포구","2017-09-28 13:00",0.003,0.4,0.04,0.015,14,8,126.9084211,37.5637561
"마포구","2017-09-27 22:00",0.003,0.4,0.019,0.015,12,7,126.9084211,37.5637561
"마포구","2017-09-27 23:00",0.003,0.3,0.018,0.015,8,6,126.9084211,37.5637561
"마포구","2017-09-27 24:00",0.003,0.4,0.012,0.02,7,6,126.9084211,37.5637561
"마포구","2017-09-28 15:00",0.004,0.4,0.05,0.01,23,11,126.9084211,37.5637561
"마포구","2017-09-28 02:00",0.003,0.4,0.01,0.019,10,9,126.9084211,37.5637561
"마포구","2017-09-28 14:00",0.004,0.4,0.041,0.014,12,7,126.9084211,37.5637561
"마포구","2017-09-28 03:00",0.003,0.4,0.016,0.012,0,11,126.9084211,37.5637561
"마포구","2017-09-28 12:00",0.003,0.4,0.033,0.014,14,4,126.9084211,37.5637561
"마포구","2017-09-28 06:00",0.003,0.3,0.016,0.01,5,5,126.9084211,37.5637561
"마포구","2017-09-28 11:00",0.003,0.4,0.021,0.019,15,6,126.9084211,37.5637561
"서대문구","2017-09-28 02:00",0.005,0.4,0.019,0.02,13,7,126.9367789,37.5791158
"서대문구","2017-09-28 04:00",0.004,0.3,0.021,0.018,10,6,126.9367789,37.5791158
"서대문구","2017-09-27 16:00",0.005,0.4,0.048,0.021,59,35,126.9367789,37.5791158
"서대문구","2017-09-28 06:00",0.004,0.3,0.013,0.019,8,3,126.9367789,37.5791158
"서대문구","2017-09-28 01:00",0.004,0.4,0.017,0.021,10,5,126.9367789,37.5791158
"서대문구","2017-09-28 03:00",0.004,0.3,0.02,0.019,15,8,126.9367789,37.5791158
"서대문구","2017-09-28 10:00",0.004,0.4,0.017,0.023,0,8,126.9367789,37.5791158
"서대문구","2017-09-27 18:00",0.005,0.4,0.033,0.021,45,28,126.9367789,37.5791158
"서대문구","2017-09-27 24:00",0.004,0.3,0.019,0.021,14,8,126.9367789,37.5791158
"서대문구","2017-09-27 17:00",0.005,0.4,0.037,0.022,59,34,126.9367789,37.5791158
"서대문구","2017-09-28 14:00",0.005,0.4,0.04,0.02,26,10,126.9367789,37.5791158
"서대문구","2017-09-28 12:00",0.005,0.4,0.035,0.02,26,9,126.9367789,37.5791158
"서대문구","2017-09-28 08:00",0.005,0.4,0.009,0.023,9,4,126.9367789,37.5791158
"서대문구","2017-09-28 09:00",0.005,0.4,0.015,0.022,6,3,126.9367789,37.5791158
"서대문구","2017-09-27 20:00",0.005,0.4,0.028,0.022,48,31,126.9367789,37.5791158
"서대문구","2017-09-27 23:00",0.004,0.3,0.022,0.02,9,7,126.9367789,37.5791158
"서대문구","2017-09-28 05:00",0.004,0.3,0.017,0.017,10,9,126.9367789,37.5791158
"서대문구","2017-09-28 11:00",0.005,0.4,0.024,0.021,16,7,126.9367789,37.5791158
"서대문구","2017-09-28 07:00",0.004,0.4,0.012,0.022,7,6,126.9367789,37.5791158
"서대문구","2017-09-28 13:00",0.005,0.4,0.043,0.02,26,3,126.9367789,37.5791158
"서대문구","2017-09-27 19:00",0.005,0.5,0.027,0.024,52,32,126.9367789,37.5791158
"서대문구","2017-09-27 22:00",0.004,0.3,0.022,0.021,28,14,126.9367789,37.5791158
"서대문구","2017-09-28 15:00",0.005,0.5,0.046,0.02,34,11,126.9367789,37.5791158
"서대문구","2017-09-27 21:00",0.005,0.4,0.026,0.02,33,22,126.9367789,37.5791158
"서초구","2017-09-28 04:00",0.005,0.4,0.011,0.015,15,7,127.0324112,37.4837121
"서초구","2017-09-28 03:00",0.005,0.4,0.008,0.021,11,4,127.0324112,37.4837121
"서초구","2017-09-28 01:00",0.005,0.4,0.006,0.023,17,8,127.0324112,37.4837121
"서초구","2017-09-28 02:00",0.005,0.5,0.007,0.022,19,5,127.0324112,37.4837121
"서초구","2017-09-28 10:00",0.004,0.4,0.014,0.018,13,7,127.0324112,37.4837121
"서초구","2017-09-27 22:00",0.005,0.4,0.016,0.017,13,8,127.0324112,37.4837121
"서초구","2017-09-27 24:00",0.005,0.5,0.006,0.026,15,5,127.0324112,37.4837121
"서초구","2017-09-28 05:00",0.004,0.3,0.017,0.009,15,6,127.0324112,37.4837121
"서초구","2017-09-27 20:00",0.005,0.5,0.02,0.025,46,22,127.0324112,37.4837121
"서초구","2017-09-28 14:00",0,0,0,0,19,3,127.0324112,37.4837121
"서초구","2017-09-27 23:00",0.005,0.4,0.009,0.024,14,6,127.0324112,37.4837121
"서초구","2017-09-27 16:00",0.005,0.5,0.049,0.026,67,30,127.0324112,37.4837121
"서초구","2017-09-27 17:00",0.005,0.5,0.035,0.028,56,33,127.0324112,37.4837121
"서초구","2017-09-28 09:00",0.004,0.4,0.011,0.02,5,3,127.0324112,37.4837121
"서초구","2017-09-27 18:00",0.005,0.5,0.027,0.024,54,24,127.0324112,37.4837121
"서초구","2017-09-28 15:00",0.005,0.4,0.031,0.014,34,13,127.0324112,37.4837121
"서초구","2017-09-27 19:00",0.005,0.5,0.024,0.023,45,24,127.0324112,37.4837121
"서초구","2017-09-28 13:00",0,0,0,0,21,3,127.0324112,37.4837121
"서초구","2017-09-28 11:00",0.005,0.4,0.021,0.015,19,9,127.0324112,37.4837121
"서초구","2017-09-28 12:00",0.005,0.3,0.033,0.01,0,6,127.0324112,37.4837121
"서초구","2017-09-27 21:00",0.005,0.4,0.017,0.02,30,12,127.0324112,37.4837121
"서초구","2017-09-28 08:00",0.004,0.4,0.008,0.021,9,6,127.0324112,37.4837121
"서초구","2017-09-28 06:00",0.004,0.3,0.012,0.014,7,3,127.0324112,37.4837121
"서초구","2017-09-28 07:00",0.004,0.4,0.006,0.022,8,3,127.0324112,37.4837121
"성동구","2017-09-28 09:00",0.003,0.6,0.008,0.023,10,8,127.0371025,37.5633415
"성동구","2017-09-28 01:00",0.004,0.5,0.016,0.014,14,8,127.0371025,37.5633415
"성동구","2017-09-27 20:00",0.004,0.5,0.028,0.014,53,22,127.0371025,37.5633415
"성동구","2017-09-27 17:00",0.004,0.6,0.049,0.014,67,38,127.0371025,37.5633415
"성동구","2017-09-28 02:00",0.004,0.5,0.014,0.015,14,5,127.0371025,37.5633415
"성동구","2017-09-27 21:00",0.004,0.5,0.021,0.015,24,13,127.0371025,37.5633415
"성동구","2017-09-27 19:00",0.004,0.6,0.028,0.018,79,28,127.0371025,37.5633415
"성동구","2017-09-28 05:00",0.003,0.5,0.017,0.011,14,6,127.0371025,37.5633415
"성동구","2017-09-27 22:00",0.005,0.5,0.018,0.014,21,9,127.0371025,37.5633415
"성동구","2017-09-28 10:00",0.004,1.1,0.012,0.022,0,12,127.0371025,37.5633415
"성동구","2017-09-28 04:00",0.004,0.5,0.012,0.014,14,10,127.0371025,37.5633415
"성동구","2017-09-27 24:00",0.004,0.5,0.016,0.016,16,8,127.0371025,37.5633415
"성동구","2017-09-28 14:00",0.004,0.5,0.037,0.016,0,6,127.0371025,37.5633415
"성동구","2017-09-28 12:00",0.004,0.5,0.024,0.016,0,9,127.0371025,37.5633415
"성동구","2017-09-27 16:00",0.004,0.6,0.058,0.013,74,34,127.0371025,37.5633415
"성동구","2017-09-28 08:00",0.004,0.5,0.008,0.02,8,3,127.0371025,37.5633415
"성동구","2017-09-28 13:00",0.004,0.5,0.034,0.015,24,10,127.0371025,37.5633415
"성동구","2017-09-27 18:00",0.004,0.6,0.034,0.014,70,28,127.0371025,37.5633415
"성동구","2017-09-28 15:00",0.003,0.5,0.041,0.015,0,9,127.0371025,37.5633415
"성동구","2017-09-27 23:00",0.004,0.5,0.014,0.017,15,5,127.0371025,37.5633415
"성동구","2017-09-28 11:00",0.004,0.5,0.015,0.02,0,17,127.0371025,37.5633415
"성동구","2017-09-28 03:00",0.004,0.5,0.013,0.013,11,3,127.0371025,37.5633415
"성동구","2017-09-28 07:00",0.004,0.5,0.013,0.014,10,7,127.0371025,37.5633415
"성동구","2017-09-28 06:00",0.003,0.5,0.015,0.011,12,4,127.0371025,37.5633415
"성북구","2017-09-28 09:00",0.003,0.4,0.012,0.024,8,3,127.0182146,37.589116
"성북구","2017-09-27 19:00",0.003,0.5,0.026,0.022,58,31,127.0182146,37.589116
"성북구","2017-09-28 05:00",0.003,0.3,0.019,0.01,9,6,127.0182146,37.589116
"성북구","2017-09-27 20:00",0.003,0.6,0.016,0.029,63,31,127.0182146,37.589116
"성북구","2017-09-28 04:00",0.003,0.4,0.02,0.01,16,5,127.0182146,37.589116
"성북구","2017-09-28 02:00",0.003,0.4,0.016,0.016,18,9,127.0182146,37.589116
"성북구","2017-09-27 17:00",0.003,0.6,0.038,0.019,70,36,127.0182146,37.589116
"성북구","2017-09-28 10:00",0.003,0.4,0.015,0.025,18,5,127.0182146,37.589116
"성북구","2017-09-27 18:00",0.003,0.5,0.03,0.018,70,33,127.0182146,37.589116
"성북구","2017-09-27 16:00",0.003,0.5,0.049,0.017,68,41,127.0182146,37.589116
"성북구","2017-09-28 15:00",0.003,0.4,0.04,0.022,31,7,127.0182146,37.589116
"성북구","2017-09-28 11:00",0.003,0.3,0.023,0.017,14,6,127.0182146,37.589116
"성북구","2017-09-28 03:00",0.003,0.4,0.017,0.013,20,10,127.0182146,37.589116
"성북구","2017-09-28 08:00",0.003,0.3,0.012,0.022,5,5,127.0182146,37.589116
"성북구","2017-09-27 21:00",0.002,0.4,0.016,0.021,35,16,127.0182146,37.589116
"성북구","2017-09-27 24:00",0.002,0.4,0.014,0.02,19,4,127.0182146,37.589116
"성북구","2017-09-27 22:00",0.002,0.4,0.013,0.023,18,10,127.0182146,37.589116
"성북구","2017-09-28 14:00",0.003,0.3,0.04,0.02,21,8,127.0182146,37.589116
"성북구","2017-09-28 06:00",0.003,0.3,0.015,0.016,15,10,127.0182146,37.589116
"성북구","2017-09-27 23:00",0.002,0.4,0.014,0.021,11,4,127.0182146,37.589116
"성북구","2017-09-28 01:00",0.003,0.4,0.018,0.015,0,0,127.0182146,37.589116
"성북구","2017-09-28 13:00",0.003,0.3,0.037,0.017,26,6,127.0182146,37.589116
"성북구","2017-09-28 07:00",0.003,0.3,0.013,0.019,12,6,127.0182146,37.589116
"성북구","2017-09-28 12:00",0.003,0.3,0.03,0.015,23,11,127.0182146,37.589116
"송파구","2017-09-28 09:00",0.004,0.3,0.017,0.018,9,6,127.1065971,37.5145437
"송파구","2017-09-28 10:00",0.004,0.3,0.021,0.018,7,5,127.1065971,37.5145437
"송파구","2017-09-27 17:00",0.004,0.6,0.052,0.02,64,33,127.1065971,37.5145437
"송파구","2017-09-28 08:00",0.004,0.3,0.011,0.02,8,3,127.1065971,37.5145437
"송파구","2017-09-27 18:00",0.004,0.6,0.037,0.022,61,29,127.1065971,37.5145437
"송파구","2017-09-28 15:00",0.004,0.3,0.045,0.013,28,6,127.1065971,37.5145437
"송파구","2017-09-28 02:00",0.004,0.3,0.02,0.014,9,7,127.1065971,37.5145437
"송파구","2017-09-27 20:00",0.003,0.3,0.028,0.017,19,10,127.1065971,37.5145437
"송파구","2017-09-28 03:00",0.004,0.3,0.018,0.014,8,6,127.1065971,37.5145437
"송파구","2017-09-28 04:00",0.004,0.3,0.017,0.014,9,3,127.1065971,37.5145437
"송파구","2017-09-27 21:00",0.003,0.3,0.026,0.015,20,6,127.1065971,37.5145437
"송파구","2017-09-28 07:00",0.004,0.3,0.01,0.018,8,5,127.1065971,37.5145437
"송파구","2017-09-28 01:00",0.003,0.3,0.018,0.015,15,7,127.1065971,37.5145437
"송파구","2017-09-28 06:00",0.004,0.3,0.018,0.012,8,4,127.1065971,37.5145437
"송파구","2017-09-28 12:00",0.004,0.3,0.023,0.019,23,8,127.1065971,37.5145437
"송파구","2017-09-27 19:00",0.004,0.5,0.028,0.022,52,27,127.1065971,37.5145437
"송파구","2017-09-28 05:00",0.004,0.3,0.017,0.013,10,4,127.1065971,37.5145437
"송파구","2017-09-28 14:00",0.004,0.3,0.044,0.014,29,4,127.1065971,37.5145437
"송파구","2017-09-27 22:00",0.003,0.4,0.021,0.021,6,3,127.1065971,37.5145437
"송파구","2017-09-28 11:00",0.004,0.3,0.022,0.02,18,8,127.1065971,37.5145437
"송파구","2017-09-27 24:00",0.003,0.3,0.011,0.022,15,4,127.1065971,37.5145437
"송파구","2017-09-28 13:00",0.004,0.3,0.035,0.013,24,10,127.1065971,37.5145437
"송파구","2017-09-27 16:00",0.004,0.7,0.048,0.026,58,37,127.1065971,37.5145437
"송파구","2017-09-27 23:00",0.003,0.4,0.007,0.029,13,5,127.1065971,37.5145437
"양천구","2017-09-27 18:00",0.003,0.5,0.029,0.021,47,36,126.8663985,37.5168721
"양천구","2017-09-28 01:00",0.002,0.3,0.017,0.015,12,9,126.8663985,37.5168721
"양천구","2017-09-28 03:00",0.002,0.3,0.018,0.013,11,7,126.8663985,37.5168721
"양천구","2017-09-28 08:00",0.002,0.3,0.013,0.021,5,3,126.8663985,37.5168721
"양천구","2017-09-28 02:00",0.002,0.3,0.016,0.014,10,6,126.8663985,37.5168721
"양천구","2017-09-27 20:00",0.003,0.5,0.018,0.024,47,34,126.8663985,37.5168721
"양천구","2017-09-27 17:00",0.003,0.5,0.033,0.025,52,39,126.8663985,37.5168721
"양천구","2017-09-28 06:00",0.002,0.3,0.018,0.013,6,4,126.8663985,37.5168721
"양천구","2017-09-28 09:00",0.003,0.4,0.009,0.027,9,4,126.8663985,37.5168721
"양천구","2017-09-27 19:00",0.003,0.5,0.02,0.029,50,36,126.8663985,37.5168721
"양천구","2017-09-28 10:00",0.003,0.4,0.014,0.022,19,9,126.8663985,37.5168721
"양천구","2017-09-28 07:00",0.002,0.3,0.013,0.019,7,5,126.8663985,37.5168721
"양천구","2017-09-28 04:00",0.003,0.3,0.019,0.013,9,6,126.8663985,37.5168721
"양천구","2017-09-28 11:00",0.003,0.3,0.025,0.018,21,9,126.8663985,37.5168721
"양천구","2017-09-27 24:00",0.003,0.3,0.012,0.022,14,9,126.8663985,37.5168721
"양천구","2017-09-28 05:00",0.002,0.3,0.019,0.011,6,5,126.8663985,37.5168721
"양천구","2017-09-28 14:00",0.003,0.3,0.04,0.014,16,9,126.8663985,37.5168721
"양천구","2017-09-28 15:00",0.003,0.4,0.045,0.014,24,13,126.8663985,37.5168721
"양천구","2017-09-27 23:00",0.003,0.4,0.01,0.024,18,12,126.8663985,37.5168721
"양천구","2017-09-27 16:00",0.003,0.5,0.045,0.021,48,39,126.8663985,37.5168721
"양천구","2017-09-27 22:00",0.003,0.4,0.013,0.023,23,18,126.8663985,37.5168721
"양천구","2017-09-28 12:00",0.003,0.3,0.036,0.012,17,9,126.8663985,37.5168721
"양천구","2017-09-28 13:00",0.003,0.3,0.038,0.014,17,9,126.8663985,37.5168721
"양천구","2017-09-27 21:00",0.003,0.4,0.014,0.026,35,29,126.8663985,37.5168721
"영등포구","2017-09-27 20:00",0.006,0.8,0.01,0.036,71,30,126.8962283,37.5263715
"영등포구","2017-09-27 18:00",0.004,0.7,0.019,0.037,64,25,126.8962283,37.5263715
"영등포구","2017-09-27 22:00",0.005,0.6,0.011,0.034,40,20,126.8962283,37.5263715
"영등포구","2017-09-28 03:00",0.005,0.4,0.022,0.015,8,4,126.8962283,37.5263715
"영등포구","2017-09-28 10:00",0.005,0.4,0.014,0.025,0,15,126.8962283,37.5263715
"영등포구","2017-09-28 01:00",0.004,0.5,0.019,0.019,14,4,126.8962283,37.5263715
"영등포구","2017-09-28 14:00",0.006,0.4,0.047,0.018,0,9,126.8962283,37.5263715
"영등포구","2017-09-28 09:00",0.005,0.2,0.015,0.022,0,7,126.8962283,37.5263715
"영등포구","2017-09-28 02:00",0.005,0.4,0.025,0.016,15,8,126.8962283,37.5263715
"영등포구","2017-09-27 19:00",0.004,1.1,0.017,0.036,66,33,126.8962283,37.5263715
"영등포구","2017-09-28 05:00",0.005,0.3,0.022,0.014,14,4,126.8962283,37.5263715
"영등포구","2017-09-28 08:00",0.005,0.3,0.014,0.024,0,3,126.8962283,37.5263715
"영등포구","2017-09-28 15:00",0.006,0.5,0.052,0.019,43,9,126.8962283,37.5263715
"영등포구","2017-09-27 21:00",0.005,0.8,0.008,0.037,68,27,126.8962283,37.5263715
"영등포구","2017-09-27 17:00",0.005,0.9,0.032,0.032,70,28,126.8962283,37.5263715
"영등포구","2017-09-28 07:00",0.005,0.4,0.012,0.026,9,3,126.8962283,37.5263715
"영등포구","2017-09-27 23:00",0.005,0.4,0.014,0.03,26,9,126.8962283,37.5263715
"영등포구","2017-09-27 24:00",0.005,0.5,0.014,0.025,23,11,126.8962283,37.5263715
"영등포구","2017-09-28 11:00",0.006,0.4,0.025,0.023,0,17,126.8962283,37.5263715
"영등포구","2017-09-28 13:00",0.006,0.3,0.044,0.02,0,0,126.8962283,37.5263715
"영등포구","2017-09-28 06:00",0.005,0.3,0.021,0.019,9,4,126.8962283,37.5263715
"영등포구","2017-09-28 12:00",0.006,0.3,0.035,0.02,0,12,126.8962283,37.5263715
"영등포구","2017-09-27 16:00",0.004,0.5,0.049,0.027,70,45,126.8962283,37.5263715
"영등포구","2017-09-28 04:00",0.005,0.2,0.022,0.015,13,3,126.8962283,37.5263715
"용산구","2017-09-28 01:00",0.003,0.3,0.009,0.018,13,6,126.9654442,37.5384272
"용산구","2017-09-27 18:00",0.004,0.3,0.028,0.017,44,31,126.9654442,37.5384272
"용산구","2017-09-28 02:00",0.003,0.3,0.01,0.015,11,8,126.9654442,37.5384272
"용산구","2017-09-27 20:00",0.003,0.3,0.022,0.017,39,29,126.9654442,37.5384272
"용산구","2017-09-28 10:00",0.003,0.3,0.014,0.025,9,8,126.9654442,37.5384272
"용산구","2017-09-28 03:00",0.003,0.3,0.01,0.014,8,7,126.9654442,37.5384272
"용산구","2017-09-28 09:00",0.003,0.3,0.011,0.021,6,4,126.9654442,37.5384272
"용산구","2017-09-27 19:00",0.003,0.3,0.025,0.018,42,29,126.9654442,37.5384272
"용산구","2017-09-27 17:00",0.003,0.3,0.037,0.02,49,33,126.9654442,37.5384272
"용산구","2017-09-28 14:00",0.004,0.2,0.038,0.017,18,9,126.9654442,37.5384272
"용산구","2017-09-28 08:00",0.003,0.3,0.003,0.019,5,0,126.9654442,37.5384272
"용산구","2017-09-28 11:00",0.003,0.3,0.017,0.023,15,7,126.9654442,37.5384272
"용산구","2017-09-28 04:00",0.003,0.3,0.007,0.015,13,7,126.9654442,37.5384272
"용산구","2017-09-27 21:00",0.003,0.2,0.022,0.012,21,12,126.9654442,37.5384272
"용산구","2017-09-27 22:00",0.003,0.3,0.014,0.017,12,8,126.9654442,37.5384272
"용산구","2017-09-28 15:00",0.003,0.3,0.042,0.016,22,7,126.9654442,37.5384272
"용산구","2017-09-27 16:00",0.004,0.3,0.05,0.015,0,0,126.9654442,37.5384272
"용산구","2017-09-27 24:00",0.003,0.3,0.007,0.022,12,9,126.9654442,37.5384272
"용산구","2017-09-28 07:00",0.003,0.3,0.003,0.019,10,8,126.9654442,37.5384272
"용산구","2017-09-28 06:00",0.003,0.2,0.005,0.015,11,8,126.9654442,37.5384272
"용산구","2017-09-28 12:00",0.003,0.2,0.025,0.021,18,7,126.9654442,37.5384272
"용산구","2017-09-27 23:00",0.003,0.3,0.007,0.022,8,8,126.9654442,37.5384272
"용산구","2017-09-28 13:00",0.003,0.2,0.033,0.021,13,7,126.9654442,37.5384272
"용산구","2017-09-28 05:00",0.003,0.3,0.006,0.017,9,7,126.9654442,37.5384272
"은평구","2017-09-28 01:00",0.005,0.5,0.017,0.017,6,5,126.9291119,37.6026957
"은평구","2017-09-27 18:00",0.005,0.7,0.033,0.023,45,27,126.9291119,37.6026957
"은평구","2017-09-28 09:00",0.005,0.5,0.018,0.018,5,3,126.9291119,37.6026957
"은평구","2017-09-28 14:00",0.006,0.4,0.047,0.017,30,14,126.9291119,37.6026957
"은평구","2017-09-27 17:00",0.005,0.7,0.039,0.022,50,32,126.9291119,37.6026957
"은평구","2017-09-28 15:00",0.007,0.5,0.052,0.018,36,15,126.9291119,37.6026957
"은평구","2017-09-28 08:00",0.005,0.5,0.014,0.019,8,3,126.9291119,37.6026957
"은평구","2017-09-28 13:00",0.006,0.4,0.05,0.014,25,8,126.9291119,37.6026957
"은평구","2017-09-28 02:00",0.005,0.6,0.012,0.019,8,6,126.9291119,37.6026957
"은평구","2017-09-28 10:00",0.005,0.5,0.025,0.017,5,3,126.9291119,37.6026957
"은평구","2017-09-28 11:00",0.005,0.5,0.029,0.018,9,3,126.9291119,37.6026957
"은평구","2017-09-28 03:00",0.005,0.5,0.02,0.012,10,7,126.9291119,37.6026957
"은평구","2017-09-27 16:00",0.006,0.7,0.054,0.016,46,37,126.9291119,37.6026957
"은평구","2017-09-27 24:00",0.006,0.5,0.019,0.018,9,4,126.9291119,37.6026957
"은평구","2017-09-28 07:00",0.005,0.5,0.012,0.018,5,3,126.9291119,37.6026957
"은평구","2017-09-27 22:00",0.005,0.6,0.013,0.028,24,18,126.9291119,37.6026957
"은평구","2017-09-28 06:00",0.005,0.5,0.015,0.014,11,3,126.9291119,37.6026957
"은평구","2017-09-27 19:00",0.005,0.7,0.025,0.029,41,26,126.9291119,37.6026957
"은평구","2017-09-27 21:00",0.006,0.6,0.024,0.02,31,16,126.9291119,37.6026957
"은평구","2017-09-27 20:00",0.006,0.6,0.027,0.022,46,27,126.9291119,37.6026957
"은평구","2017-09-28 04:00",0.005,0.5,0.021,0.012,6,3,126.9291119,37.6026957
"은평구","2017-09-28 12:00",0.006,0.4,0.042,0.013,26,14,126.9291119,37.6026957
"은평구","2017-09-27 23:00",0.005,0.5,0.021,0.017,9,9,126.9291119,37.6026957
"은평구","2017-09-28 05:00",0.005,0.5,0.018,0.013,10,5,126.9291119,37.6026957
"종로구","2017-09-27 18:00",0,0,0,0,0,0,126.9793579,37.5729503
"종로구","2017-09-27 19:00",0.004,0.6,0.027,0.024,47,29,126.9793579,37.5729503
"종로구","2017-09-28 01:00",0.003,0.3,0.019,0.016,10,6,126.9793579,37.5729503
"종로구","2017-09-27 23:00",0.003,0.3,0.013,0.023,11,9,126.9793579,37.5729503
"종로구","2017-09-27 24:00",0.003,0.3,0.015,0.021,9,6,126.9793579,37.5729503
"종로구","2017-09-28 08:00",0.003,0.4,0.009,0.024,7,5,126.9793579,37.5729503
"종로구","2017-09-28 11:00",0.003,0.4,0.023,0.02,11,4,126.9793579,37.5729503
"종로구","2017-09-28 09:00",0.003,0.4,0.018,0.019,5,3,126.9793579,37.5729503
"종로구","2017-09-28 03:00",0.003,0.3,0.017,0.015,14,9,126.9793579,37.5729503
"종로구","2017-09-28 15:00",0.004,0.5,0.043,0.022,26,13,126.9793579,37.5729503
"종로구","2017-09-28 06:00",0.003,0.4,0.009,0.019,9,7,126.9793579,37.5729503
"종로구","2017-09-28 04:00",0.003,0.3,0.02,0.012,10,6,126.9793579,37.5729503
"종로구","2017-09-27 17:00",0,0,0,0,0,0,126.9793579,37.5729503
"종로구","2017-09-27 20:00",0.003,0.5,0.023,0.025,44,30,126.9793579,37.5729503
"종로구","2017-09-28 10:00",0.003,0.4,0.022,0.018,8,4,126.9793579,37.5729503
"종로구","2017-09-28 13:00",0.003,0.4,0.041,0.016,19,6,126.9793579,37.5729503
"종로구","2017-09-28 14:00",0.003,0.4,0.038,0.022,19,9,126.9793579,37.5729503
"종로구","2017-09-28 12:00",0.003,0.4,0.031,0.018,15,6,126.9793579,37.5729503
"종로구","2017-09-28 05:00",0.003,0.3,0.014,0.014,10,7,126.9793579,37.5729503
"종로구","2017-09-27 22:00",0.003,0.4,0.015,0.022,14,8,126.9793579,37.5729503
"종로구","2017-09-28 07:00",0.003,0.4,0.005,0.026,10,6,126.9793579,37.5729503
"종로구","2017-09-27 21:00",0.003,0.4,0.017,0.024,28,18,126.9793579,37.5729503
"종로구","2017-09-28 02:00",0.003,0.3,0.018,0.016,11,6,126.9793579,37.5729503
"종로구","2017-09-27 16:00",0.003,0.6,0.058,0.018,48,33,126.9793579,37.5729503
"중구","2017-09-27 18:00",0.003,0.4,0.037,0.017,46,30,126.9979403,37.5640907
"중구","2017-09-28 01:00",0.003,0.3,0.016,0.021,10,6,126.9979403,37.5640907
"중구","2017-09-28 11:00",0.003,0.3,0.022,0.021,16,4,126.9979403,37.5640907
"중구","2017-09-27 17:00",0.003,0.5,0.044,0.017,50,34,126.9979403,37.5640907
"중구","2017-09-28 15:00",0.004,0.4,0.046,0.018,24,9,126.9979403,37.5640907
"중구","2017-09-28 06:00",0.002,0.3,0.012,0.017,10,5,126.9979403,37.5640907
"중구","2017-09-27 16:00",0.003,0.5,0.055,0.022,48,32,126.9979403,37.5640907
"중구","2017-09-28 10:00",0.003,0.3,0.023,0.019,9,3,126.9979403,37.5640907
"중구","2017-09-28 07:00",0.003,0.4,0.005,0.027,11,7,126.9979403,37.5640907
"중구","2017-09-28 08:00",0.002,0.4,0.01,0.026,7,4,126.9979403,37.5640907
"중구","2017-09-27 20:00",0.004,0.5,0.024,0.027,43,28,126.9979403,37.5640907
"중구","2017-09-27 24:00",0.003,0.3,0.017,0.021,10,5,126.9979403,37.5640907
"중구","2017-09-28 02:00",0.003,0.4,0.017,0.019,10,5,126.9979403,37.5640907
"중구","2017-09-28 03:00",0.003,0.4,0.015,0.018,13,9,126.9979403,37.5640907
"중구","2017-09-28 12:00",0.002,0.3,0.035,0.018,19,6,126.9979403,37.5640907
"중구","2017-09-27 19:00",0.003,0.5,0.03,0.023,45,30,126.9979403,37.5640907
"중구","2017-09-28 05:00",0.003,0.3,0.016,0.013,12,5,126.9979403,37.5640907
"중구","2017-09-27 22:00",0.002,0.4,0.01,0.03,18,10,126.9979403,37.5640907
"중구","2017-09-27 23:00",0.003,0.4,0.01,0.028,15,6,126.9979403,37.5640907
"중구","2017-09-28 14:00",0.003,0.3,0.042,0.017,22,10,126.9979403,37.5640907
"중구","2017-09-27 21:00",0.003,0.4,0.014,0.031,32,20,126.9979403,37.5640907
"중구","2017-09-28 09:00",0.002,0.4,0.014,0.025,7,3,126.9979403,37.5640907
"중구","2017-09-28 04:00",0.003,0.3,0.018,0.014,11,6,126.9979403,37.5640907
"중구","2017-09-28 13:00",0.003,0.3,0.042,0.018,17,5,126.9979403,37.5640907
"중랑구","2017-09-28 08:00",0.005,0.4,0.007,0.024,9,3,127.0926519,37.6065602
"중랑구","2017-09-28 03:00",0.006,0.3,0.018,0.009,8,3,127.0926519,37.6065602
"중랑구","2017-09-28 01:00",0.005,0.3,0.016,0.014,12,6,127.0926519,37.6065602
"중랑구","2017-09-27 24:00",0.005,0.3,0.009,0.021,10,8,127.0926519,37.6065602
"중랑구","2017-09-27 22:00",0.006,0.4,0.008,0.022,20,8,127.0926519,37.6065602
"중랑구","2017-09-27 20:00",0.006,0.5,0.014,0.028,39,23,127.0926519,37.6065602
"중랑구","2017-09-27 19:00",0.007,0.4,0.023,0.024,46,28,127.0926519,37.6065602
"중랑구","2017-09-27 17:00",0.006,0.5,0.038,0.019,53,39,127.0926519,37.6065602
"중랑구","2017-09-28 12:00",0.005,0.3,0.027,0.014,19,5,127.0926519,37.6065602
"중랑구","2017-09-27 23:00",0.008,0.3,0.011,0.019,14,6,127.0926519,37.6065602
"중랑구","2017-09-28 14:00",0.006,0.3,0.041,0.015,23,9,127.0926519,37.6065602
"중랑구","2017-09-28 07:00",0.005,0.4,0.008,0.02,15,6,127.0926519,37.6065602
"중랑구","2017-09-28 15:00",0.007,0.3,0.042,0.014,33,10,127.0926519,37.6065602
"중랑구","2017-09-27 18:00",0.006,0.5,0.026,0.021,55,26,127.0926519,37.6065602
"중랑구","2017-09-28 09:00",0.006,0.4,0.011,0.02,5,3,127.0926519,37.6065602
"중랑구","2017-09-28 02:00",0.004,0.3,0.017,0.011,10,3,127.0926519,37.6065602
"중랑구","2017-09-28 10:00",0.005,0.3,0.022,0.014,6,3,127.0926519,37.6065602
"중랑구","2017-09-28 11:00",0.006,0.3,0.022,0.016,10,3,127.0926519,37.6065602
"중랑구","2017-09-28 04:00",0.007,0.3,0.018,0.009,9,6,127.0926519,37.6065602
"중랑구","2017-09-27 21:00",0.006,0.4,0.012,0.023,32,18,127.0926519,37.6065602
"중랑구","2017-09-28 05:00",0.006,0.3,0.016,0.011,8,5,127.0926519,37.6065602
"중랑구","2017-09-28 06:00",0.006,0.3,0.01,0.016,10,5,127.0926519,37.6065602
"중랑구","2017-09-28 13:00",0.006,0.3,0.038,0.011,28,7,127.0926519,37.6065602
"중랑구","2017-09-27 16:00",0.006,0.4,0.048,0.021,54,32,127.0926519,37.6065602
